source,dest,workshop,category,page_role,resource_role,result,source_type
main/rebuild/content/legacy/whole/Module 0/MB_FTS_ 0.docx,main/rebuild/content/workshops/workshop-00/resources/MB_FTS_ 0.docx,workshop-00,resources,,,copied,whole_legacy
main/rebuild/content/legacy/whole/Module 1/Money Basics PPT Workshop 1.pdf,main/rebuild/content/workshops/workshop-01/resources/Money Basics PPT Workshop 1.pdf,workshop-01,resources,,,copied,whole_legacy
main/rebuild/content/legacy/whole/Module 1/MB_FTS_ 1.docx,main/rebuild/content/workshops/workshop-01/resources/MB_FTS_ 1.docx,workshop-01,resources,,,copied,whole_legacy
main/rebuild/content/legacy/whole/Module 1/Money Basics PPT Workshop 1.pptx,main/rebuild/content/workshops/workshop-01/resources/Money Basics PPT Workshop 1.pptx,workshop-01,resources,,,copied,whole_legacy
main/rebuild/content/legacy/whole/Module 1/OR_WorkSystemsPresentation_20211006.pptx,main/rebuild/content/workshops/workshop-01/resources/OR_WorkSystemsPresentation_20211006.pptx,workshop-01,resources,,,copied,whole_legacy
main/rebuild/content/legacy/whole/Module 1/Course Introduction/Creating Community Agreements.pdf,main/rebuild/content/workshops/workshop-01/resources/Course Introduction/Creating Community Agreements.pdf,workshop-01,resources,,,copied,whole_legacy
main/rebuild/content/legacy/whole/Module 1/Course Introduction/Workshop 01 - Introduction.pdf,main/rebuild/content/workshops/workshop-01/resources/Course Introduction/Workshop 01 - Introduction.pdf,workshop-01,resources,,,copied,whole_legacy
main/rebuild/content/legacy/whole/Module 1/Course Introduction/Trauma-Informed-Care-in-the-Classroom.pdf,main/rebuild/content/workshops/workshop-01/resources/Course Introduction/Trauma-Informed-Care-in-the-Classroom.pdf,workshop-01,resources,,,copied,whole_legacy
main/rebuild/content/legacy/whole/Module 1/Course Introduction/Developing Community Agreements.pdf,main/rebuild/content/workshops/workshop-01/resources/Course Introduction/Developing Community Agreements.pdf,workshop-01,resources,,,copied,whole_legacy
main/rebuild/content/legacy/whole/Module 1/WS1 Handouts/SSS_BudgetWorksheet_052023.pdf,main/rebuild/content/workshops/workshop-01/worksheets/WS1 Handouts/SSS_BudgetWorksheet_052023.pdf,workshop-01,worksheets,,handout,copied,whole_legacy
main/rebuild/content/legacy/whole/Module 1/WS1 Handouts/3. Poverty and Intersectionality in Oregon.pdf,main/rebuild/content/workshops/workshop-01/resources/WS1 Handouts/3. Poverty and Intersectionality in Oregon.pdf,workshop-01,resources,,handout,copied,whole_legacy
main/rebuild/content/legacy/whole/Module 1/WS1 Handouts/1. Poverty and Hunger in America.pdf,main/rebuild/content/workshops/workshop-01/resources/WS1 Handouts/1. Poverty and Hunger in America.pdf,workshop-01,resources,,handout,copied,whole_legacy
main/rebuild/content/legacy/whole/Module 1/WS1 Handouts/5. How Poverty is Measured in the US.pdf,main/rebuild/content/workshops/workshop-01/resources/WS1 Handouts/5. How Poverty is Measured in the US.pdf,workshop-01,resources,,handout,copied,whole_legacy
main/rebuild/content/legacy/whole/Module 1/WS1 Handouts/Workshop 1 Worksheets (extra).pdf,main/rebuild/content/workshops/workshop-01/worksheets/WS1 Handouts/Workshop 1 Worksheets (extra).pdf,workshop-01,worksheets,,handout,copied,whole_legacy
main/rebuild/content/legacy/whole/Module 1/WS1 Handouts/4. Hidden Rules Among Classes.pdf,main/rebuild/content/workshops/workshop-01/resources/WS1 Handouts/4. Hidden Rules Among Classes.pdf,workshop-01,resources,,handout,copied,whole_legacy
main/rebuild/content/legacy/whole/Module 1/WS1 Handouts/6. The _American Dream_ of upward mobility is broken.pdf,main/rebuild/content/workshops/workshop-01/resources/WS1 Handouts/6. The _American Dream_ of upward mobility is broken.pdf,workshop-01,resources,,handout,copied,whole_legacy
main/rebuild/content/legacy/whole/Module 1/WS1 Handouts/Workshop 1 Worksheets.pdf,main/rebuild/content/workshops/workshop-01/worksheets/WS1 Handouts/Workshop 1 Worksheets.pdf,workshop-01,worksheets,,handout,copied,whole_legacy
main/rebuild/content/legacy/whole/Module 1/WS1 Handouts/Financial Literacy & African Americans_ Bridging the Gap.pdf,main/rebuild/content/workshops/workshop-01/resources/WS1 Handouts/Financial Literacy & African Americans_ Bridging the Gap.pdf,workshop-01,resources,,handout,copied,whole_legacy
main/rebuild/content/legacy/whole/Module 1/WS1 Handouts/2. Steps Toward Financial Resilience.pdf,main/rebuild/content/workshops/workshop-01/resources/WS1 Handouts/2. Steps Toward Financial Resilience.pdf,workshop-01,resources,,handout,copied,whole_legacy
main/rebuild/content/legacy/whole/Module 1/WS1 Handouts/7. White Privilege Invisible Knapsack.pdf,main/rebuild/content/workshops/workshop-01/resources/WS1 Handouts/7. White Privilege Invisible Knapsack.pdf,workshop-01,resources,,handout,copied,whole_legacy
main/rebuild/content/legacy/whole/Module 1/WS1 Resources/Workshop 1 Additional Resources.pdf,main/rebuild/content/workshops/workshop-01/resources/WS1 Resources/Workshop 1 Additional Resources.pdf,workshop-01,resources,,additional_resource,copied,whole_legacy
main/rebuild/content/legacy/whole/Module 1/WS1 Resources/16. Supplemental Poverty Measure.pdf,main/rebuild/content/workshops/workshop-01/resources/WS1 Resources/16. Supplemental Poverty Measure.pdf,workshop-01,resources,,resource,copied,whole_legacy
main/rebuild/content/legacy/whole/Module 1/WS1 Resources/Workshop 01 - Introduction.pdf,main/rebuild/content/workshops/workshop-01/resources/WS1 Resources/Workshop 01 - Introduction.pdf,workshop-01,resources,,resource,copied,whole_legacy
main/rebuild/content/legacy/whole/Module 1/WS1 Resources/12. FAQs on Problem Gambling.pdf,main/rebuild/content/workshops/workshop-01/resources/WS1 Resources/12. FAQs on Problem Gambling.pdf,workshop-01,resources,,resource,copied,whole_legacy
main/rebuild/content/legacy/whole/Module 1/WS1 Resources/14. Financial Strategies for Loved Ones of Gamblers.pdf,main/rebuild/content/workshops/workshop-01/resources/WS1 Resources/14. Financial Strategies for Loved Ones of Gamblers.pdf,workshop-01,resources,,resource,copied,whole_legacy
main/rebuild/content/legacy/whole/Module 1/WS1 Resources/13. Financial Toolkit for Problem Gamblers.pdf,main/rebuild/content/workshops/workshop-01/resources/WS1 Resources/13. Financial Toolkit for Problem Gamblers.pdf,workshop-01,resources,,resource,copied,whole_legacy
main/rebuild/content/legacy/whole/Module 1/Visuals/workshop packet image.png,main/rebuild/content/workshops/workshop-01/resources/Visuals/workshop packet image.png,workshop-01,resources,,,copied,whole_legacy
main/rebuild/content/legacy/whole/Module 1/Visuals/2-768x512.jpg,main/rebuild/content/workshops/workshop-01/resources/Visuals/2-768x512.jpg,workshop-01,resources,,,copied,whole_legacy
main/rebuild/content/legacy/whole/Module 1/Visuals/poverty_intersectionality_privilege_excerpt.html,main/rebuild/content/workshops/workshop-01/pages/Visuals/poverty_intersectionality_privilege_excerpt.html,workshop-01,pages,content_page,,copied,whole_legacy
main/rebuild/content/legacy/whole/Module 1/Visuals/equity-apple-tree-1024x575.jpg,main/rebuild/content/workshops/workshop-01/resources/Visuals/equity-apple-tree-1024x575.jpg,workshop-01,resources,,,copied,whole_legacy
main/rebuild/content/legacy/whole/Module 1/Visuals/Wheel of Privilege and Power.png,main/rebuild/content/workshops/workshop-01/resources/Visuals/Wheel of Privilege and Power.png,workshop-01,resources,,,copied,whole_legacy
main/rebuild/content/legacy/whole/Module 1/SG:FG/W1_SG.pdf,main/rebuild/content/workshops/workshop-01/Student_Guide/W1_SG.pdf,workshop-01,Student_Guide,,,copied,whole_legacy
main/rebuild/content/legacy/whole/Module 1/SG:FG/W1_FG.pdf,main/rebuild/content/workshops/workshop-01/Facilitator_Guide/W1_FG.pdf,workshop-01,Facilitator_Guide,,,copied,whole_legacy
main/rebuild/content/legacy/whole/Module 1/Worksheets/Individual Course Goals.pdf,main/rebuild/content/workshops/workshop-01/worksheets/Worksheets/Individual Course Goals.pdf,workshop-01,worksheets,,worksheet,copied,whole_legacy
main/rebuild/content/legacy/whole/Module 1/Worksheets/Money Savings Ideas and Trackers.pdf,main/rebuild/content/workshops/workshop-01/worksheets/Worksheets/Money Savings Ideas and Trackers.pdf,workshop-01,worksheets,,worksheet,copied,whole_legacy
main/rebuild/content/legacy/whole/Module 1/WS1 Resources/Behavioral Health and Mindfulness/2. How to Practice Mindfulness on a Budget.pdf,main/rebuild/content/workshops/workshop-01/resources/WS1 Resources/Behavioral Health and Mindfulness/2. How to Practice Mindfulness on a Budget.pdf,workshop-01,resources,,resource,copied,whole_legacy
main/rebuild/content/legacy/whole/Module 1/WS1 Resources/Behavioral Health and Mindfulness/1. Tips for Managing Money When You Live With Mental Health Challenges.pdf,main/rebuild/content/workshops/workshop-01/resources/WS1 Resources/Behavioral Health and Mindfulness/1. Tips for Managing Money When You Live With Mental Health Challenges.pdf,workshop-01,resources,,resource,copied,whole_legacy
main/rebuild/content/legacy/whole/Module 1/WS1 Resources/Behavioral Health and Mindfulness/3. How to Reduce Financial Stress.pdf,main/rebuild/content/workshops/workshop-01/resources/WS1 Resources/Behavioral Health and Mindfulness/3. How to Reduce Financial Stress.pdf,workshop-01,resources,,resource,copied,whole_legacy
"main/rebuild/content/legacy/whole/Module 1/WS1 Resources/Poverty, Intersectionality, Social Justice/11. Unaffordable America. Poverty, Housing and Eviction.pdf","main/rebuild/content/workshops/workshop-01/resources/WS1 Resources/Poverty, Intersectionality, Social Justice/11. Unaffordable America. Poverty, Housing and Eviction.pdf",workshop-01,resources,,resource,copied,whole_legacy
"main/rebuild/content/legacy/whole/Module 1/WS1 Resources/Poverty, Intersectionality, Social Justice/4. Income Inequality in America.pdf","main/rebuild/content/workshops/workshop-01/resources/WS1 Resources/Poverty, Intersectionality, Social Justice/4. Income Inequality in America.pdf",workshop-01,resources,,resource,copied,whole_legacy
"main/rebuild/content/legacy/whole/Module 1/WS1 Resources/Poverty, Intersectionality, Social Justice/8. Race and the lack of intergenerational economic mobility in the US.pdf","main/rebuild/content/workshops/workshop-01/resources/WS1 Resources/Poverty, Intersectionality, Social Justice/8. Race and the lack of intergenerational economic mobility in the US.pdf",workshop-01,resources,,resource,copied,whole_legacy
"main/rebuild/content/legacy/whole/Module 1/WS1 Resources/Poverty, Intersectionality, Social Justice/6. Data Illustrating the Intersectional Nature of Poverty.pdf","main/rebuild/content/workshops/workshop-01/resources/WS1 Resources/Poverty, Intersectionality, Social Justice/6. Data Illustrating the Intersectional Nature of Poverty.pdf",workshop-01,resources,,resource,copied,whole_legacy
"main/rebuild/content/legacy/whole/Module 1/WS1 Resources/Poverty, Intersectionality, Social Justice/9. Displacement in Portland.pdf","main/rebuild/content/workshops/workshop-01/resources/WS1 Resources/Poverty, Intersectionality, Social Justice/9. Displacement in Portland.pdf",workshop-01,resources,,resource,copied,whole_legacy
"main/rebuild/content/legacy/whole/Module 1/WS1 Resources/Poverty, Intersectionality, Social Justice/15. Dismantling the Poverty Trap Article.pdf","main/rebuild/content/workshops/workshop-01/resources/WS1 Resources/Poverty, Intersectionality, Social Justice/15. Dismantling the Poverty Trap Article.pdf",workshop-01,resources,,resource,copied,whole_legacy
"main/rebuild/content/legacy/whole/Module 1/WS1 Resources/Poverty, Intersectionality, Social Justice/5. Poverty in America Statistics.pdf","main/rebuild/content/workshops/workshop-01/resources/WS1 Resources/Poverty, Intersectionality, Social Justice/5. Poverty in America Statistics.pdf",workshop-01,resources,,resource,copied,whole_legacy
"main/rebuild/content/legacy/whole/Module 1/WS1 Resources/Poverty, Intersectionality, Social Justice/7. Bruce’s Beach Systemic Racism and Reparations.pdf","main/rebuild/content/workshops/workshop-01/resources/WS1 Resources/Poverty, Intersectionality, Social Justice/7. Bruce’s Beach Systemic Racism and Reparations.pdf",workshop-01,resources,,resource,copied,whole_legacy
"main/rebuild/content/legacy/whole/Module 1/WS1 Resources/Poverty, Intersectionality, Social Justice/10. Brief History of Race, Racism & Colonialism.pdf","main/rebuild/content/workshops/workshop-01/resources/WS1 Resources/Poverty, Intersectionality, Social Justice/10. Brief History of Race, Racism & Colonialism.pdf",workshop-01,resources,,resource,copied,whole_legacy
main/rebuild/content/legacy/whole/Module 10/23 Easy Ways To Save Money.docx,main/rebuild/content/workshops/workshop-10/resources/23 Easy Ways To Save Money.docx,workshop-10,resources,,,copied,whole_legacy
main/rebuild/content/legacy/whole/Module 10/A Beginner_s Guide to Saving Money.docx,main/rebuild/content/workshops/workshop-10/resources/A Beginner_s Guide to Saving Money.docx,workshop-10,resources,,,copied,whole_legacy
main/rebuild/content/legacy/whole/Module 10/Workshop_10.zip,main/rebuild/content/workshops/workshop-10/archives/Workshop_10.zip,workshop-10,archives,,archive,copied,whole_legacy
main/rebuild/content/legacy/whole/Module 10/MB_FTS_ 10.docx,main/rebuild/content/workshops/workshop-10/resources/MB_FTS_ 10.docx,workshop-10,resources,,,copied,whole_legacy
main/rebuild/content/legacy/whole/Module 10/Module 10 Additional Resources.docx,main/rebuild/content/workshops/workshop-10/resources/Module 10 Additional Resources.docx,workshop-10,resources,,additional_resource,copied,whole_legacy
main/rebuild/content/legacy/whole/Module 10/How to Save Money On A Low Income.docx,main/rebuild/content/workshops/workshop-10/resources/How to Save Money On A Low Income.docx,workshop-10,resources,,,copied,whole_legacy
main/rebuild/content/legacy/whole/Module 10/Workshop 10 - Savings Accounts & Goals.pdf,main/rebuild/content/workshops/workshop-10/resources/Workshop 10 - Savings Accounts & Goals.pdf,workshop-10,resources,,,copied,whole_legacy
main/rebuild/content/legacy/whole/Module 10/Asset Building For Low-Income Families.docx,main/rebuild/content/workshops/workshop-10/resources/Asset Building For Low-Income Families.docx,workshop-10,resources,,,copied,whole_legacy
main/rebuild/content/legacy/whole/Module 10/IDA Basics & Resources.docx,main/rebuild/content/workshops/workshop-10/resources/IDA Basics & Resources.docx,workshop-10,resources,,resource,copied,whole_legacy
main/rebuild/content/legacy/whole/Module 10/Workshop 10 - Savings Accounts & Savings Goals.pdf,main/rebuild/content/workshops/workshop-10/resources/Workshop 10 - Savings Accounts & Savings Goals.pdf,workshop-10,resources,,,copied,whole_legacy
main/rebuild/content/legacy/whole/Module 10/Visuals/money trees.png,main/rebuild/content/workshops/workshop-10/resources/Visuals/money trees.png,workshop-10,resources,,,copied,whole_legacy
main/rebuild/content/legacy/whole/Module 10/Visuals/Screenshot 2025-10-29 at 2.03.55 PM.png,main/rebuild/content/workshops/workshop-10/resources/Visuals/Screenshot 2025-10-29 at 2.03.55 PM.png,workshop-10,resources,,,copied,whole_legacy
main/rebuild/content/legacy/whole/Module 10/Visuals/Screenshot 2025-10-29 at 10.26.47 AM.png,main/rebuild/content/workshops/workshop-10/resources/Visuals/Screenshot 2025-10-29 at 10.26.47 AM.png,workshop-10,resources,,,copied,whole_legacy
main/rebuild/content/legacy/whole/Module 10/Visuals/Savings Activity_Jars.png,main/rebuild/content/workshops/workshop-10/activities/Visuals/Savings Activity_Jars.png,workshop-10,activities,,,copied,whole_legacy
main/rebuild/content/legacy/whole/Module 10/Visuals/IDAs.png,main/rebuild/content/workshops/workshop-10/resources/Visuals/IDAs.png,workshop-10,resources,,,copied,whole_legacy
main/rebuild/content/legacy/whole/Module 10/Visuals/Budgeting Table.png,main/rebuild/content/workshops/workshop-10/resources/Visuals/Budgeting Table.png,workshop-10,resources,,,copied,whole_legacy
main/rebuild/content/legacy/whole/Module 10/HO PNGs/3. IDA Basics & Resources.png,main/rebuild/content/workshops/workshop-10/resources/HO PNGs/3. IDA Basics & Resources.png,workshop-10,resources,,resource,copied,whole_legacy
main/rebuild/content/legacy/whole/Module 10/Sections ( PDF )/Savings_Accounts.pdf,main/rebuild/content/workshops/workshop-10/resources/Sections ( PDF )/Savings_Accounts.pdf,workshop-10,resources,,,copied,whole_legacy
main/rebuild/content/legacy/whole/Module 10/Student_Guide/Workshop_10/PDFs/pg10.pdf,main/rebuild/content/workshops/workshop-10/Student_Guide/PDFs/pg10.pdf,workshop-10,Student_Guide,,,copied,whole_legacy
main/rebuild/content/legacy/whole/Module 10/Student_Guide/Workshop_10/PDFs/pg1.pdf,main/rebuild/content/workshops/workshop-10/Student_Guide/PDFs/pg1.pdf,workshop-10,Student_Guide,,,copied,whole_legacy
main/rebuild/content/legacy/whole/Module 10/Student_Guide/Workshop_10/PDFs/pg8.pdf,main/rebuild/content/workshops/workshop-10/Student_Guide/PDFs/pg8.pdf,workshop-10,Student_Guide,,,copied,whole_legacy
main/rebuild/content/legacy/whole/Module 10/Student_Guide/Workshop_10/PDFs/pg2.pdf,main/rebuild/content/workshops/workshop-10/Student_Guide/PDFs/pg2.pdf,workshop-10,Student_Guide,,,copied,whole_legacy
main/rebuild/content/legacy/whole/Module 10/Student_Guide/Workshop_10/PDFs/pg4.pdf,main/rebuild/content/workshops/workshop-10/Student_Guide/PDFs/pg4.pdf,workshop-10,Student_Guide,,,copied,whole_legacy
main/rebuild/content/legacy/whole/Module 10/Student_Guide/Workshop_10/PDFs/pg12.pdf,main/rebuild/content/workshops/workshop-10/Student_Guide/PDFs/pg12.pdf,workshop-10,Student_Guide,,,copied,whole_legacy
main/rebuild/content/legacy/whole/Module 10/Student_Guide/Workshop_10/PDFs/pg13.pdf,main/rebuild/content/workshops/workshop-10/Student_Guide/PDFs/pg13.pdf,workshop-10,Student_Guide,,,copied,whole_legacy
main/rebuild/content/legacy/whole/Module 10/Student_Guide/Workshop_10/PDFs/pg11.pdf,main/rebuild/content/workshops/workshop-10/Student_Guide/PDFs/pg11.pdf,workshop-10,Student_Guide,,,copied,whole_legacy
main/rebuild/content/legacy/whole/Module 10/Student_Guide/Workshop_10/PDFs/pg7.pdf,main/rebuild/content/workshops/workshop-10/Student_Guide/PDFs/pg7.pdf,workshop-10,Student_Guide,,,copied,whole_legacy
main/rebuild/content/legacy/whole/Module 10/Student_Guide/Workshop_10/PDFs/pg6.pdf,main/rebuild/content/workshops/workshop-10/Student_Guide/PDFs/pg6.pdf,workshop-10,Student_Guide,,,copied,whole_legacy
main/rebuild/content/legacy/whole/Module 10/Student_Guide/Workshop_10/PDFs/pg14.pdf,main/rebuild/content/workshops/workshop-10/Student_Guide/PDFs/pg14.pdf,workshop-10,Student_Guide,,,copied,whole_legacy
main/rebuild/content/legacy/whole/Module 10/Student_Guide/Workshop_10/PDFs/pg9.pdf,main/rebuild/content/workshops/workshop-10/Student_Guide/PDFs/pg9.pdf,workshop-10,Student_Guide,,,copied,whole_legacy
main/rebuild/content/legacy/whole/Module 10/Student_Guide/Workshop_10/PDFs/pg5.pdf,main/rebuild/content/workshops/workshop-10/Student_Guide/PDFs/pg5.pdf,workshop-10,Student_Guide,,,copied,whole_legacy
main/rebuild/content/legacy/whole/Module 10/Student_Guide/Workshop_10/PDFs/pg3.pdf,main/rebuild/content/workshops/workshop-10/Student_Guide/PDFs/pg3.pdf,workshop-10,Student_Guide,,,copied,whole_legacy
main/rebuild/content/legacy/whole/Module 10/Student_Guide/Workshop_10/PNGs/pg5.png,main/rebuild/content/workshops/workshop-10/Student_Guide/PNGs/pg5.png,workshop-10,Student_Guide,,,copied,whole_legacy
main/rebuild/content/legacy/whole/Module 10/Student_Guide/Workshop_10/PNGs/pg1.png,main/rebuild/content/workshops/workshop-10/Student_Guide/PNGs/pg1.png,workshop-10,Student_Guide,,,copied,whole_legacy
main/rebuild/content/legacy/whole/Module 10/Student_Guide/Workshop_10/PNGs/pg9.png,main/rebuild/content/workshops/workshop-10/Student_Guide/PNGs/pg9.png,workshop-10,Student_Guide,,,copied,whole_legacy
main/rebuild/content/legacy/whole/Module 10/Student_Guide/Workshop_10/PNGs/pg2.png,main/rebuild/content/workshops/workshop-10/Student_Guide/PNGs/pg2.png,workshop-10,Student_Guide,,,copied,whole_legacy
main/rebuild/content/legacy/whole/Module 10/Student_Guide/Workshop_10/PNGs/pg4.png,main/rebuild/content/workshops/workshop-10/Student_Guide/PNGs/pg4.png,workshop-10,Student_Guide,,,copied,whole_legacy
main/rebuild/content/legacy/whole/Module 10/Student_Guide/Workshop_10/PNGs/pg7.png,main/rebuild/content/workshops/workshop-10/Student_Guide/PNGs/pg7.png,workshop-10,Student_Guide,,,copied,whole_legacy
main/rebuild/content/legacy/whole/Module 10/Student_Guide/Workshop_10/PNGs/pg12.png,main/rebuild/content/workshops/workshop-10/Student_Guide/PNGs/pg12.png,workshop-10,Student_Guide,,,copied,whole_legacy
main/rebuild/content/legacy/whole/Module 10/Student_Guide/Workshop_10/PNGs/pg8.png,main/rebuild/content/workshops/workshop-10/Student_Guide/PNGs/pg8.png,workshop-10,Student_Guide,,,copied,whole_legacy
main/rebuild/content/legacy/whole/Module 10/Student_Guide/Workshop_10/PNGs/pg11.png,main/rebuild/content/workshops/workshop-10/Student_Guide/PNGs/pg11.png,workshop-10,Student_Guide,,,copied,whole_legacy
main/rebuild/content/legacy/whole/Module 10/Student_Guide/Workshop_10/PNGs/pg6.png,main/rebuild/content/workshops/workshop-10/Student_Guide/PNGs/pg6.png,workshop-10,Student_Guide,,,copied,whole_legacy
main/rebuild/content/legacy/whole/Module 10/Student_Guide/Workshop_10/PNGs/pg3.png,main/rebuild/content/workshops/workshop-10/Student_Guide/PNGs/pg3.png,workshop-10,Student_Guide,,,copied,whole_legacy
main/rebuild/content/legacy/whole/Module 10/Student_Guide/Workshop_10/PNGs/pg13.png,main/rebuild/content/workshops/workshop-10/Student_Guide/PNGs/pg13.png,workshop-10,Student_Guide,,,copied,whole_legacy
main/rebuild/content/legacy/whole/Module 10/Student_Guide/Workshop_10/PNGs/pg10.png,main/rebuild/content/workshops/workshop-10/Student_Guide/PNGs/pg10.png,workshop-10,Student_Guide,,,copied,whole_legacy
main/rebuild/content/legacy/whole/Module 10/Student_Guide/Workshop_10/PNGs/pg14.png,main/rebuild/content/workshops/workshop-10/Student_Guide/PNGs/pg14.png,workshop-10,Student_Guide,,,copied,whole_legacy
main/rebuild/content/legacy/whole/Module 10/Student_Guide/Workshop_10/Sections/PDF/Different_Kinds_of_Savings_Accounts_Student.pdf,main/rebuild/content/workshops/workshop-10/Student_Guide/Sections/PDF/Different_Kinds_of_Savings_Accounts_Student.pdf,workshop-10,Student_Guide,,,copied,whole_legacy
main/rebuild/content/legacy/whole/Module 10/Student_Guide/Workshop_10/Sections/PDF/Asset_Building_Student.pdf,main/rebuild/content/workshops/workshop-10/Student_Guide/Sections/PDF/Asset_Building_Student.pdf,workshop-10,Student_Guide,,,copied,whole_legacy
main/rebuild/content/legacy/whole/Module 10/Student_Guide/Workshop_10/Sections/PDF/Creating_a_Savings_Plan_Student.pdf,main/rebuild/content/workshops/workshop-10/Student_Guide/Sections/PDF/Creating_a_Savings_Plan_Student.pdf,workshop-10,Student_Guide,,,copied,whole_legacy
main/rebuild/content/legacy/whole/Module 10/Facilitator Guide/Sections/Saving Money w: Limited Resources.pdf,main/rebuild/content/workshops/workshop-10/Facilitator_Guide/Sections/Saving Money w - Limited Resources.pdf,workshop-10,Facilitator_Guide,,resource,copied,whole_legacy
main/rebuild/content/legacy/whole/Module 10/Facilitator Guide/Sections/Retirement_Plans_and_Investments_Facilitator.pdf,main/rebuild/content/workshops/workshop-10/Facilitator_Guide/Sections/Retirement_Plans_and_Investments_Facilitator.pdf,workshop-10,Facilitator_Guide,,,copied,whole_legacy
main/rebuild/content/legacy/whole/Module 10/Facilitator Guide/Sections/Individual_Development_Accounts_Facilitator.pdf,main/rebuild/content/workshops/workshop-10/Facilitator_Guide/Sections/Individual_Development_Accounts_Facilitator.pdf,workshop-10,Facilitator_Guide,,,copied,whole_legacy
main/rebuild/content/legacy/whole/Module 10/Facilitator Guide/Sections/Asset_Building_Facilitator.pdf,main/rebuild/content/workshops/workshop-10/Facilitator_Guide/Sections/Asset_Building_Facilitator.pdf,workshop-10,Facilitator_Guide,,,copied,whole_legacy
main/rebuild/content/legacy/whole/Module 10/Facilitator Guide/Sections/Savings_Goals_Facilitator.pdf,main/rebuild/content/workshops/workshop-10/Facilitator_Guide/Sections/Savings_Goals_Facilitator.pdf,workshop-10,Facilitator_Guide,,,copied,whole_legacy
main/rebuild/content/legacy/whole/Module 10/Facilitator Guide/Sections/Savings_Accounts_Facilitator.pdf,main/rebuild/content/workshops/workshop-10/Facilitator_Guide/Sections/Savings_Accounts_Facilitator.pdf,workshop-10,Facilitator_Guide,,,copied,whole_legacy
main/rebuild/content/legacy/whole/Module 11/Workshop 11 - Course Graduation.pdf,main/rebuild/content/workshops/workshop-11/resources/Workshop 11 - Course Graduation.pdf,workshop-11,resources,,,copied,whole_legacy
main/rebuild/content/legacy/whole/Module 2/Person-Centered Planning.docx,main/rebuild/content/workshops/workshop-02/resources/Person-Centered Planning.docx,workshop-02,resources,,,copied,whole_legacy
main/rebuild/content/legacy/whole/Module 2/Module 2 Additional Resources.docx,main/rebuild/content/workshops/workshop-02/resources/Module 2 Additional Resources.docx,workshop-02,resources,,additional_resource,copied,whole_legacy
main/rebuild/content/legacy/whole/Module 2/Workshop 02 - Setting Financial Goals.pdf,main/rebuild/content/workshops/workshop-02/resources/Workshop 02 - Setting Financial Goals.pdf,workshop-02,resources,,,copied,whole_legacy
main/rebuild/content/legacy/whole/Module 2/MB_FTS_ 2.docx,main/rebuild/content/workshops/workshop-02/resources/MB_FTS_ 2.docx,workshop-02,resources,,,copied,whole_legacy
main/rebuild/content/legacy/whole/Module 3/5 No-brainer Money-Saving Tips.docx,main/rebuild/content/workshops/workshop-03/resources/5 No-brainer Money-Saving Tips.docx,workshop-03,resources,,,copied,whole_legacy
main/rebuild/content/legacy/whole/Module 3/How to Buy a House with Low Income.docx,main/rebuild/content/workshops/workshop-03/resources/How to Buy a House with Low Income.docx,workshop-03,resources,,,copied,whole_legacy
main/rebuild/content/legacy/whole/Module 3/Workshop 03 - Creating a Budget.pdf,main/rebuild/content/workshops/workshop-03/resources/Workshop 03 - Creating a Budget.pdf,workshop-03,resources,,,copied,whole_legacy
main/rebuild/content/legacy/whole/Module 3/MB Money Saving Resources Handout.docx,main/rebuild/content/workshops/workshop-03/resources/MB Money Saving Resources Handout.docx,workshop-03,resources,,handout,copied,whole_legacy
main/rebuild/content/legacy/whole/Module 3/10 Easy Ways to Save Money.docx,main/rebuild/content/workshops/workshop-03/resources/10 Easy Ways to Save Money.docx,workshop-03,resources,,,copied,whole_legacy
main/rebuild/content/legacy/whole/Module 3/What Makes for a Successful Budget.docx,main/rebuild/content/workshops/workshop-03/resources/What Makes for a Successful Budget.docx,workshop-03,resources,,,copied,whole_legacy
main/rebuild/content/legacy/whole/Module 3/How to Make a Budget.docx,main/rebuild/content/workshops/workshop-03/resources/How to Make a Budget.docx,workshop-03,resources,,,copied,whole_legacy
main/rebuild/content/legacy/whole/Module 3/11 Frugal Living Tips.docx,main/rebuild/content/workshops/workshop-03/resources/11 Frugal Living Tips.docx,workshop-03,resources,,,copied,whole_legacy
main/rebuild/content/legacy/whole/Module 3/Budgeting Apps.docx,main/rebuild/content/workshops/workshop-03/resources/Budgeting Apps.docx,workshop-03,resources,,,copied,whole_legacy
main/rebuild/content/legacy/whole/Module 3/MB_FTS_ 3.docx,main/rebuild/content/workshops/workshop-03/resources/MB_FTS_ 3.docx,workshop-03,resources,,,copied,whole_legacy
main/rebuild/content/legacy/whole/Module 3/How To File For Social Security Disability Benefits If Homeless.docx,main/rebuild/content/workshops/workshop-03/resources/How To File For Social Security Disability Benefits If Homeless.docx,workshop-03,resources,,,copied,whole_legacy
main/rebuild/content/legacy/whole/Module 3/Module 3 Additional Resources.docx,main/rebuild/content/workshops/workshop-03/resources/Module 3 Additional Resources.docx,workshop-03,resources,,additional_resource,copied,whole_legacy
main/rebuild/content/legacy/whole/Module 3/Online Budgeting Tools.docx,main/rebuild/content/workshops/workshop-03/resources/Online Budgeting Tools.docx,workshop-03,resources,,,copied,whole_legacy
main/rebuild/content/legacy/whole/Module 3/SSI Elibility Requirements and Asset Limits.docx,main/rebuild/content/workshops/workshop-03/resources/SSI Elibility Requirements and Asset Limits.docx,workshop-03,resources,,,copied,whole_legacy
main/rebuild/content/legacy/whole/Module 4/module4photos.zip,main/rebuild/content/workshops/workshop-04/archives/module4photos.zip,workshop-04,archives,,archive,copied,whole_legacy
main/rebuild/content/legacy/whole/Module 4/Workshop 04 - Banking Basics.pdf,main/rebuild/content/workshops/workshop-04/resources/Workshop 04 - Banking Basics.pdf,workshop-04,resources,,,copied,whole_legacy
main/rebuild/content/legacy/whole/Module 4/How to Balance Your Checkbook.docx,main/rebuild/content/workshops/workshop-04/resources/How to Balance Your Checkbook.docx,workshop-04,resources,,,copied,whole_legacy
main/rebuild/content/legacy/whole/Module 4/MB_FTS_ 4.docx,main/rebuild/content/workshops/workshop-04/resources/MB_FTS_ 4.docx,workshop-04,resources,,,copied,whole_legacy
main/rebuild/content/legacy/whole/Module 4/How to Open a Bank Checking Account With Bad Credit.docx,main/rebuild/content/workshops/workshop-04/resources/How to Open a Bank Checking Account With Bad Credit.docx,workshop-04,resources,,,copied,whole_legacy
main/rebuild/content/legacy/whole/Module 4/Second Chance Checking Accounts.docx,main/rebuild/content/workshops/workshop-04/resources/Second Chance Checking Accounts.docx,workshop-04,resources,,,copied,whole_legacy
main/rebuild/content/legacy/whole/Module 4/Why Balancing Your Checkbook is Important.docx,main/rebuild/content/workshops/workshop-04/resources/Why Balancing Your Checkbook is Important.docx,workshop-04,resources,,,copied,whole_legacy
main/rebuild/content/legacy/whole/Module 4/Module 4 Additional Resources.docx,main/rebuild/content/workshops/workshop-04/resources/Module 4 Additional Resources.docx,workshop-04,resources,,additional_resource,copied,whole_legacy
main/rebuild/content/legacy/whole/Module 4/How to Open a Bank Account.docx,main/rebuild/content/workshops/workshop-04/resources/How to Open a Bank Account.docx,workshop-04,resources,,,copied,whole_legacy
main/rebuild/content/legacy/whole/Module 4/check_writing_activity/20251212_102910.jpg,main/rebuild/content/workshops/workshop-04/activities/check_writing_activity/20251212_102910.jpg,workshop-04,activities,,,copied,whole_legacy
main/rebuild/content/legacy/whole/Module 4/check_writing_activity/20251212_102915.jpg,main/rebuild/content/workshops/workshop-04/activities/check_writing_activity/20251212_102915.jpg,workshop-04,activities,,,copied,whole_legacy
main/rebuild/content/legacy/whole/Module 4/check_writing_activity/20251212_102853.jpg,main/rebuild/content/workshops/workshop-04/activities/check_writing_activity/20251212_102853.jpg,workshop-04,activities,,,copied,whole_legacy
main/rebuild/content/legacy/whole/Module 4/check_writing_activity/20251212_102840.jpg,main/rebuild/content/workshops/workshop-04/activities/check_writing_activity/20251212_102840.jpg,workshop-04,activities,,,copied,whole_legacy
main/rebuild/content/legacy/whole/Module 5/WSP_5_FT.docx,main/rebuild/content/workshops/workshop-05/resources/WSP_5_FT.docx,workshop-05,resources,,,copied,whole_legacy
main/rebuild/content/legacy/whole/Module 5/WSP_5_FG .pdf,main/rebuild/content/workshops/workshop-05/Facilitator_Guide/WSP_5_FG .pdf,workshop-05,Facilitator_Guide,,,copied,whole_legacy
main/rebuild/content/legacy/whole/Module 5/manifest.txt,main/rebuild/content/workshops/workshop-05/resources/manifest.txt,workshop-05,resources,,,copied,whole_legacy
main/rebuild/content/legacy/whole/Module 5/Handouts/3. Options if You Can_t Open a Traditional Bank Account.docx,main/rebuild/content/workshops/workshop-05/resources/Handouts/3. Options if You Can_t Open a Traditional Bank Account.docx,workshop-05,resources,,handout,copied,whole_legacy
main/rebuild/content/legacy/whole/Module 5/Handouts/6. Help for Identity Theft.pdf,main/rebuild/content/workshops/workshop-05/resources/Handouts/6. Help for Identity Theft.pdf,workshop-05,resources,,handout,copied,whole_legacy
main/rebuild/content/legacy/whole/Module 5/Handouts/2. Best Online Banks of 2021.pdf,main/rebuild/content/workshops/workshop-05/resources/Handouts/2. Best Online Banks of 2021.pdf,workshop-05,resources,,handout,copied,whole_legacy
main/rebuild/content/legacy/whole/Module 5/Handouts/5. How to Avoid Identity Scams.pdf,main/rebuild/content/workshops/workshop-05/resources/Handouts/5. How to Avoid Identity Scams.pdf,workshop-05,resources,,handout,copied,whole_legacy
main/rebuild/content/legacy/whole/Module 5/Handouts/4. Common Phone Scams.pdf,main/rebuild/content/workshops/workshop-05/resources/Handouts/4. Common Phone Scams.pdf,workshop-05,resources,,handout,copied,whole_legacy
main/rebuild/content/legacy/whole/Module 5/Handouts/1. ATMs and ATM Safety.pdf,main/rebuild/content/workshops/workshop-05/resources/Handouts/1. ATMs and ATM Safety.pdf,workshop-05,resources,,handout,copied,whole_legacy
main/rebuild/content/legacy/whole/Module 5/Handouts/3. Options if You Can_t Open a Traditional Bank Account.pdf,main/rebuild/content/workshops/workshop-05/resources/Handouts/3. Options if You Can_t Open a Traditional Bank Account.pdf,workshop-05,resources,,handout,copied,whole_legacy
main/rebuild/content/legacy/whole/Module 5/Resources/ATM Safety Scenarios.pdf,main/rebuild/content/workshops/workshop-05/resources/Resources/ATM Safety Scenarios.pdf,workshop-05,resources,,resource,copied,whole_legacy
main/rebuild/content/legacy/whole/Module 5/Resources/16. What is ATM Skimming.pdf,main/rebuild/content/workshops/workshop-05/resources/Resources/16. What is ATM Skimming.pdf,workshop-05,resources,,resource,copied,whole_legacy
main/rebuild/content/legacy/whole/Module 5/Resources/6. What are Credit Unions.pdf,main/rebuild/content/workshops/workshop-05/resources/Resources/6. What are Credit Unions.pdf,workshop-05,resources,,resource,copied,whole_legacy
main/rebuild/content/legacy/whole/Module 5/Resources/4. Alternatives to Traditional Banks.docx,main/rebuild/content/workshops/workshop-05/resources/Resources/4. Alternatives to Traditional Banks.docx,workshop-05,resources,,resource,copied,whole_legacy
main/rebuild/content/legacy/whole/Module 5/Resources/8. Things to Consider When Choosing an Online Bank.docx,main/rebuild/content/workshops/workshop-05/resources/Resources/8. Things to Consider When Choosing an Online Bank.docx,workshop-05,resources,,resource,copied,whole_legacy
"main/rebuild/content/legacy/whole/Module 5/Resources/7. Online Banking Definition, Pros and Cons.pdf","main/rebuild/content/workshops/workshop-05/resources/Resources/7. Online Banking Definition, Pros and Cons.pdf",workshop-05,resources,,resource,copied,whole_legacy
main/rebuild/content/legacy/whole/Module 5/Resources/1. What to Do if Your Debit Card is Lost or Stolen.pdf,main/rebuild/content/workshops/workshop-05/resources/Resources/1. What to Do if Your Debit Card is Lost or Stolen.pdf,workshop-05,resources,,resource,copied,whole_legacy
main/rebuild/content/legacy/whole/Module 5/Resources/Safe Virtual Banking.pdf,main/rebuild/content/workshops/workshop-05/resources/Resources/Safe Virtual Banking.pdf,workshop-05,resources,,resource,copied,whole_legacy
main/rebuild/content/legacy/whole/Module 5/Resources/Internet.Banking.Safety.Tips.pdf,main/rebuild/content/workshops/workshop-05/resources/Resources/Internet.Banking.Safety.Tips.pdf,workshop-05,resources,,resource,copied,whole_legacy
main/rebuild/content/legacy/whole/Module 5/Resources/12. How to Spot and Avoid Card Skimmers.docx,main/rebuild/content/workshops/workshop-05/resources/Resources/12. How to Spot and Avoid Card Skimmers.docx,workshop-05,resources,,resource,copied,whole_legacy
main/rebuild/content/legacy/whole/Module 5/Resources/Workshop 5 Additional Resources.pdf,main/rebuild/content/workshops/workshop-05/resources/Resources/Workshop 5 Additional Resources.pdf,workshop-05,resources,,additional_resource,copied,whole_legacy
main/rebuild/content/legacy/whole/Module 5/Resources/ATM Safety Scenarios.docx,main/rebuild/content/workshops/workshop-05/resources/Resources/ATM Safety Scenarios.docx,workshop-05,resources,,resource,copied,whole_legacy
main/rebuild/content/legacy/whole/Module 5/Resources/2. Debit Card Safety Online.docx,main/rebuild/content/workshops/workshop-05/resources/Resources/2. Debit Card Safety Online.docx,workshop-05,resources,,resource,copied,whole_legacy
"main/rebuild/content/legacy/whole/Module 5/Resources/7. Online Banking Definition, Pros and Cons.docx","main/rebuild/content/workshops/workshop-05/resources/Resources/7. Online Banking Definition, Pros and Cons.docx",workshop-05,resources,,resource,copied,whole_legacy
main/rebuild/content/legacy/whole/Module 5/Resources/11. First Aid for Identity Theft.pdf,main/rebuild/content/workshops/workshop-05/resources/Resources/11. First Aid for Identity Theft.pdf,workshop-05,resources,,resource,copied,whole_legacy
main/rebuild/content/legacy/whole/Module 5/Resources/9. List of Virtual Banks and Their Benefits.pdf,main/rebuild/content/workshops/workshop-05/resources/Resources/9. List of Virtual Banks and Their Benefits.pdf,workshop-05,resources,,resource,copied,whole_legacy
main/rebuild/content/legacy/whole/Module 5/Resources/5. Pros and Cons of Internet Banks.docx,main/rebuild/content/workshops/workshop-05/resources/Resources/5. Pros and Cons of Internet Banks.docx,workshop-05,resources,,resource,copied,whole_legacy
main/rebuild/content/legacy/whole/Module 5/Resources/5. Pros and Cons of Internet Banks.pdf,main/rebuild/content/workshops/workshop-05/resources/Resources/5. Pros and Cons of Internet Banks.pdf,workshop-05,resources,,resource,copied,whole_legacy
main/rebuild/content/legacy/whole/Module 5/Resources/13. IRS Tips for Protecting Your Identity.pdf,main/rebuild/content/workshops/workshop-05/resources/Resources/13. IRS Tips for Protecting Your Identity.pdf,workshop-05,resources,,resource,copied,whole_legacy
main/rebuild/content/legacy/whole/Module 5/Resources/8. Things to Consider When Choosing an Online Bank.pdf,main/rebuild/content/workshops/workshop-05/resources/Resources/8. Things to Consider When Choosing an Online Bank.pdf,workshop-05,resources,,resource,copied,whole_legacy
main/rebuild/content/legacy/whole/Module 5/Resources/15. What To Do if You_ve Been Scammed.pdf,main/rebuild/content/workshops/workshop-05/resources/Resources/15. What To Do if You_ve Been Scammed.pdf,workshop-05,resources,,resource,copied,whole_legacy
main/rebuild/content/legacy/whole/Module 5/Resources/14. Repairing Identity Theft.pdf,main/rebuild/content/workshops/workshop-05/resources/Resources/14. Repairing Identity Theft.pdf,workshop-05,resources,,resource,copied,whole_legacy
main/rebuild/content/legacy/whole/Module 5/Resources/12. How to Spot and Avoid Card Skimmers.pdf,main/rebuild/content/workshops/workshop-05/resources/Resources/12. How to Spot and Avoid Card Skimmers.pdf,workshop-05,resources,,resource,copied,whole_legacy
main/rebuild/content/legacy/whole/Module 5/Resources/4. Alternatives to Traditional Banks.pdf,main/rebuild/content/workshops/workshop-05/resources/Resources/4. Alternatives to Traditional Banks.pdf,workshop-05,resources,,resource,copied,whole_legacy
main/rebuild/content/legacy/whole/Module 5/Resources/3. Best Online Banks.pdf,main/rebuild/content/workshops/workshop-05/resources/Resources/3. Best Online Banks.pdf,workshop-05,resources,,resource,copied,whole_legacy
main/rebuild/content/legacy/whole/Module 5/Resources/2. Debit Card Safety Online.pdf,main/rebuild/content/workshops/workshop-05/resources/Resources/2. Debit Card Safety Online.pdf,workshop-05,resources,,resource,copied,whole_legacy
main/rebuild/content/legacy/whole/Module 5/Resources/10. Online and Mobile Money Safety.pdf,main/rebuild/content/workshops/workshop-05/resources/Resources/10. Online and Mobile Money Safety.pdf,workshop-05,resources,,resource,copied,whole_legacy
main/rebuild/content/legacy/whole/Module 6/What You Should Know About Credit Card Interest Rates.docx,main/rebuild/content/workshops/workshop-06/resources/What You Should Know About Credit Card Interest Rates.docx,workshop-06,resources,,,copied,whole_legacy
main/rebuild/content/legacy/whole/Module 6/How to Raise a Low Credit Score.docx,main/rebuild/content/workshops/workshop-06/resources/How to Raise a Low Credit Score.docx,workshop-06,resources,,,copied,whole_legacy
main/rebuild/content/legacy/whole/Module 6/Workshop 06 - Credit & Loans.pdf,main/rebuild/content/workshops/workshop-06/resources/Workshop 06 - Credit & Loans.pdf,workshop-06,resources,,,copied,whole_legacy
main/rebuild/content/legacy/whole/Module 6/How to Get the Best Car Loan.docx,main/rebuild/content/workshops/workshop-06/resources/How to Get the Best Car Loan.docx,workshop-06,resources,,,copied,whole_legacy
main/rebuild/content/legacy/whole/Module 6/Why Payday Loans Can Be Costly.docx,main/rebuild/content/workshops/workshop-06/resources/Why Payday Loans Can Be Costly.docx,workshop-06,resources,,,copied,whole_legacy
main/rebuild/content/legacy/whole/Module 6/manifest.txt,main/rebuild/content/workshops/workshop-06/resources/manifest.txt,workshop-06,resources,,,copied,whole_legacy
main/rebuild/content/legacy/whole/Module 6/How to Choose a Credit Card.docx,main/rebuild/content/workshops/workshop-06/resources/How to Choose a Credit Card.docx,workshop-06,resources,,,copied,whole_legacy
main/rebuild/content/legacy/whole/Module 6/MB_FTS_ 6.docx,main/rebuild/content/workshops/workshop-06/resources/MB_FTS_ 6.docx,workshop-06,resources,,,copied,whole_legacy
main/rebuild/content/legacy/whole/Module 6/Module 6 Additional Resources.docx,main/rebuild/content/workshops/workshop-06/resources/Module 6 Additional Resources.docx,workshop-06,resources,,additional_resource,copied,whole_legacy
main/rebuild/content/legacy/whole/Module 6/How to Get Preapproved for a Loan.docx,main/rebuild/content/workshops/workshop-06/resources/How to Get Preapproved for a Loan.docx,workshop-06,resources,,,copied,whole_legacy
main/rebuild/content/legacy/whole/Module 6/How Credit Scores Work.docx,main/rebuild/content/workshops/workshop-06/resources/How Credit Scores Work.docx,workshop-06,resources,,,copied,whole_legacy
main/rebuild/content/legacy/whole/Module 7/MB_FTS_ 7.pdf,main/rebuild/content/workshops/workshop-07/resources/MB_FTS_ 7.pdf,workshop-07,resources,,,copied,whole_legacy
main/rebuild/content/legacy/whole/Module 7/How to Create a Debt Elimination Plan.docx,main/rebuild/content/workshops/workshop-07/resources/How to Create a Debt Elimination Plan.docx,workshop-07,resources,,,copied,whole_legacy
main/rebuild/content/legacy/whole/Module 7/73 Tips for Eliminating Debt.docx,main/rebuild/content/workshops/workshop-07/resources/73 Tips for Eliminating Debt.docx,workshop-07,resources,,,copied,whole_legacy
main/rebuild/content/legacy/whole/Module 7/5 Ways to Get out of Debt.docx,main/rebuild/content/workshops/workshop-07/resources/5 Ways to Get out of Debt.docx,workshop-07,resources,,,copied,whole_legacy
main/rebuild/content/legacy/whole/Module 7/The Effects of Debt on Your Health.docx,main/rebuild/content/workshops/workshop-07/resources/The Effects of Debt on Your Health.docx,workshop-07,resources,,,copied,whole_legacy
main/rebuild/content/legacy/whole/Module 7/Module 7 Additional Resources.docx,main/rebuild/content/workshops/workshop-07/resources/Module 7 Additional Resources.docx,workshop-07,resources,,additional_resource,copied,whole_legacy
main/rebuild/content/legacy/whole/Module 7/Workshop 07 - Debt & Tools.pdf,main/rebuild/content/workshops/workshop-07/resources/Workshop 07 - Debt & Tools.pdf,workshop-07,resources,,,copied,whole_legacy
main/rebuild/content/legacy/whole/Module 7/MB_FTS_ 7.docx,main/rebuild/content/workshops/workshop-07/resources/MB_FTS_ 7.docx,workshop-07,resources,,,copied,whole_legacy
main/rebuild/content/legacy/whole/Module 7/Workshop_07/Facilitator_Guide/Workshop_07/PDFs/pg1.pdf,main/rebuild/content/workshops/workshop-07/Facilitator_Guide/PDFs/pg1.pdf,workshop-07,Facilitator_Guide,,,copied,whole_legacy
main/rebuild/content/legacy/whole/Module 7/Workshop_07/Facilitator_Guide/Workshop_07/PDFs/pg2.pdf,main/rebuild/content/workshops/workshop-07/Facilitator_Guide/PDFs/pg2.pdf,workshop-07,Facilitator_Guide,,,copied,whole_legacy
main/rebuild/content/legacy/whole/Module 7/Workshop_07/Facilitator_Guide/Workshop_07/PDFs/pg4.pdf,main/rebuild/content/workshops/workshop-07/Facilitator_Guide/PDFs/pg4.pdf,workshop-07,Facilitator_Guide,,,copied,whole_legacy
main/rebuild/content/legacy/whole/Module 7/Workshop_07/Facilitator_Guide/Workshop_07/PDFs/pg7.pdf,main/rebuild/content/workshops/workshop-07/Facilitator_Guide/PDFs/pg7.pdf,workshop-07,Facilitator_Guide,,,copied,whole_legacy
main/rebuild/content/legacy/whole/Module 7/Workshop_07/Facilitator_Guide/Workshop_07/PDFs/pg6.pdf,main/rebuild/content/workshops/workshop-07/Facilitator_Guide/PDFs/pg6.pdf,workshop-07,Facilitator_Guide,,,copied,whole_legacy
main/rebuild/content/legacy/whole/Module 7/Workshop_07/Facilitator_Guide/Workshop_07/PDFs/pg5.pdf,main/rebuild/content/workshops/workshop-07/Facilitator_Guide/PDFs/pg5.pdf,workshop-07,Facilitator_Guide,,,copied,whole_legacy
main/rebuild/content/legacy/whole/Module 7/Workshop_07/Facilitator_Guide/Workshop_07/PDFs/pg3.pdf,main/rebuild/content/workshops/workshop-07/Facilitator_Guide/PDFs/pg3.pdf,workshop-07,Facilitator_Guide,,,copied,whole_legacy
main/rebuild/content/legacy/whole/Module 7/Workshop_07/Facilitator_Guide/Workshop_07/PNGs/pg5.png,main/rebuild/content/workshops/workshop-07/Facilitator_Guide/PNGs/pg5.png,workshop-07,Facilitator_Guide,,,copied,whole_legacy
main/rebuild/content/legacy/whole/Module 7/Workshop_07/Facilitator_Guide/Workshop_07/PNGs/pg1.png,main/rebuild/content/workshops/workshop-07/Facilitator_Guide/PNGs/pg1.png,workshop-07,Facilitator_Guide,,,copied,whole_legacy
main/rebuild/content/legacy/whole/Module 7/Workshop_07/Facilitator_Guide/Workshop_07/PNGs/pg2.png,main/rebuild/content/workshops/workshop-07/Facilitator_Guide/PNGs/pg2.png,workshop-07,Facilitator_Guide,,,copied,whole_legacy
main/rebuild/content/legacy/whole/Module 7/Workshop_07/Facilitator_Guide/Workshop_07/PNGs/pg4.png,main/rebuild/content/workshops/workshop-07/Facilitator_Guide/PNGs/pg4.png,workshop-07,Facilitator_Guide,,,copied,whole_legacy
main/rebuild/content/legacy/whole/Module 7/Workshop_07/Facilitator_Guide/Workshop_07/PNGs/pg7.png,main/rebuild/content/workshops/workshop-07/Facilitator_Guide/PNGs/pg7.png,workshop-07,Facilitator_Guide,,,copied,whole_legacy
main/rebuild/content/legacy/whole/Module 7/Workshop_07/Facilitator_Guide/Workshop_07/PNGs/pg6.png,main/rebuild/content/workshops/workshop-07/Facilitator_Guide/PNGs/pg6.png,workshop-07,Facilitator_Guide,,,copied,whole_legacy
main/rebuild/content/legacy/whole/Module 7/Workshop_07/Facilitator_Guide/Workshop_07/PNGs/pg3.png,main/rebuild/content/workshops/workshop-07/Facilitator_Guide/PNGs/pg3.png,workshop-07,Facilitator_Guide,,,copied,whole_legacy
main/rebuild/content/legacy/whole/Module 7/Workshop_07/Student_Guide/Workshop_07/PDFs/pg10.pdf,main/rebuild/content/workshops/workshop-07/Student_Guide/PDFs/pg10.pdf,workshop-07,Student_Guide,,,copied,whole_legacy
main/rebuild/content/legacy/whole/Module 7/Workshop_07/Student_Guide/Workshop_07/PDFs/pg1.pdf,main/rebuild/content/workshops/workshop-07/Student_Guide/PDFs/pg1.pdf,workshop-07,Student_Guide,,,copied,whole_legacy
main/rebuild/content/legacy/whole/Module 7/Workshop_07/Student_Guide/Workshop_07/PDFs/pg8.pdf,main/rebuild/content/workshops/workshop-07/Student_Guide/PDFs/pg8.pdf,workshop-07,Student_Guide,,,copied,whole_legacy
main/rebuild/content/legacy/whole/Module 7/Workshop_07/Student_Guide/Workshop_07/PDFs/pg2.pdf,main/rebuild/content/workshops/workshop-07/Student_Guide/PDFs/pg2.pdf,workshop-07,Student_Guide,,,copied,whole_legacy
main/rebuild/content/legacy/whole/Module 7/Workshop_07/Student_Guide/Workshop_07/PDFs/pg4.pdf,main/rebuild/content/workshops/workshop-07/Student_Guide/PDFs/pg4.pdf,workshop-07,Student_Guide,,,copied,whole_legacy
main/rebuild/content/legacy/whole/Module 7/Workshop_07/Student_Guide/Workshop_07/PDFs/pg12.pdf,main/rebuild/content/workshops/workshop-07/Student_Guide/PDFs/pg12.pdf,workshop-07,Student_Guide,,,copied,whole_legacy
main/rebuild/content/legacy/whole/Module 7/Workshop_07/Student_Guide/Workshop_07/PDFs/pg13.pdf,main/rebuild/content/workshops/workshop-07/Student_Guide/PDFs/pg13.pdf,workshop-07,Student_Guide,,,copied,whole_legacy
main/rebuild/content/legacy/whole/Module 7/Workshop_07/Student_Guide/Workshop_07/PDFs/pg11.pdf,main/rebuild/content/workshops/workshop-07/Student_Guide/PDFs/pg11.pdf,workshop-07,Student_Guide,,,copied,whole_legacy
main/rebuild/content/legacy/whole/Module 7/Workshop_07/Student_Guide/Workshop_07/PDFs/pg7.pdf,main/rebuild/content/workshops/workshop-07/Student_Guide/PDFs/pg7.pdf,workshop-07,Student_Guide,,,copied,whole_legacy
main/rebuild/content/legacy/whole/Module 7/Workshop_07/Student_Guide/Workshop_07/PDFs/pg6.pdf,main/rebuild/content/workshops/workshop-07/Student_Guide/PDFs/pg6.pdf,workshop-07,Student_Guide,,,copied,whole_legacy
main/rebuild/content/legacy/whole/Module 7/Workshop_07/Student_Guide/Workshop_07/PDFs/pg14.pdf,main/rebuild/content/workshops/workshop-07/Student_Guide/PDFs/pg14.pdf,workshop-07,Student_Guide,,,copied,whole_legacy
main/rebuild/content/legacy/whole/Module 7/Workshop_07/Student_Guide/Workshop_07/PDFs/pg9.pdf,main/rebuild/content/workshops/workshop-07/Student_Guide/PDFs/pg9.pdf,workshop-07,Student_Guide,,,copied,whole_legacy
main/rebuild/content/legacy/whole/Module 7/Workshop_07/Student_Guide/Workshop_07/PDFs/pg5.pdf,main/rebuild/content/workshops/workshop-07/Student_Guide/PDFs/pg5.pdf,workshop-07,Student_Guide,,,copied,whole_legacy
main/rebuild/content/legacy/whole/Module 7/Workshop_07/Student_Guide/Workshop_07/PDFs/pg15.pdf,main/rebuild/content/workshops/workshop-07/Student_Guide/PDFs/pg15.pdf,workshop-07,Student_Guide,,,copied,whole_legacy
main/rebuild/content/legacy/whole/Module 7/Workshop_07/Student_Guide/Workshop_07/PDFs/pg3.pdf,main/rebuild/content/workshops/workshop-07/Student_Guide/PDFs/pg3.pdf,workshop-07,Student_Guide,,,copied,whole_legacy
main/rebuild/content/legacy/whole/Module 7/Workshop_07/Student_Guide/Workshop_07/PNGs/pg5.png,main/rebuild/content/workshops/workshop-07/Student_Guide/PNGs/pg5.png,workshop-07,Student_Guide,,,copied,whole_legacy
main/rebuild/content/legacy/whole/Module 7/Workshop_07/Student_Guide/Workshop_07/PNGs/pg16.png,main/rebuild/content/workshops/workshop-07/Student_Guide/PNGs/pg16.png,workshop-07,Student_Guide,,,copied,whole_legacy
main/rebuild/content/legacy/whole/Module 7/Workshop_07/Student_Guide/Workshop_07/PNGs/pg1.png,main/rebuild/content/workshops/workshop-07/Student_Guide/PNGs/pg1.png,workshop-07,Student_Guide,,,copied,whole_legacy
main/rebuild/content/legacy/whole/Module 7/Workshop_07/Student_Guide/Workshop_07/PNGs/pg9.png,main/rebuild/content/workshops/workshop-07/Student_Guide/PNGs/pg9.png,workshop-07,Student_Guide,,,copied,whole_legacy
main/rebuild/content/legacy/whole/Module 7/Workshop_07/Student_Guide/Workshop_07/PNGs/pg2.png,main/rebuild/content/workshops/workshop-07/Student_Guide/PNGs/pg2.png,workshop-07,Student_Guide,,,copied,whole_legacy
main/rebuild/content/legacy/whole/Module 7/Workshop_07/Student_Guide/Workshop_07/PNGs/pg4.png,main/rebuild/content/workshops/workshop-07/Student_Guide/PNGs/pg4.png,workshop-07,Student_Guide,,,copied,whole_legacy
main/rebuild/content/legacy/whole/Module 7/Workshop_07/Student_Guide/Workshop_07/PNGs/pg7.png,main/rebuild/content/workshops/workshop-07/Student_Guide/PNGs/pg7.png,workshop-07,Student_Guide,,,copied,whole_legacy
main/rebuild/content/legacy/whole/Module 7/Workshop_07/Student_Guide/Workshop_07/PNGs/pg12.png,main/rebuild/content/workshops/workshop-07/Student_Guide/PNGs/pg12.png,workshop-07,Student_Guide,,,copied,whole_legacy
main/rebuild/content/legacy/whole/Module 7/Workshop_07/Student_Guide/Workshop_07/PNGs/pg8.png,main/rebuild/content/workshops/workshop-07/Student_Guide/PNGs/pg8.png,workshop-07,Student_Guide,,,copied,whole_legacy
main/rebuild/content/legacy/whole/Module 7/Workshop_07/Student_Guide/Workshop_07/PNGs/pg11.png,main/rebuild/content/workshops/workshop-07/Student_Guide/PNGs/pg11.png,workshop-07,Student_Guide,,,copied,whole_legacy
main/rebuild/content/legacy/whole/Module 7/Workshop_07/Student_Guide/Workshop_07/PNGs/pg15.png,main/rebuild/content/workshops/workshop-07/Student_Guide/PNGs/pg15.png,workshop-07,Student_Guide,,,copied,whole_legacy
main/rebuild/content/legacy/whole/Module 7/Workshop_07/Student_Guide/Workshop_07/PNGs/pg6.png,main/rebuild/content/workshops/workshop-07/Student_Guide/PNGs/pg6.png,workshop-07,Student_Guide,,,copied,whole_legacy
main/rebuild/content/legacy/whole/Module 7/Workshop_07/Student_Guide/Workshop_07/PNGs/pg3.png,main/rebuild/content/workshops/workshop-07/Student_Guide/PNGs/pg3.png,workshop-07,Student_Guide,,,copied,whole_legacy
main/rebuild/content/legacy/whole/Module 7/Workshop_07/Student_Guide/Workshop_07/PNGs/pg13.png,main/rebuild/content/workshops/workshop-07/Student_Guide/PNGs/pg13.png,workshop-07,Student_Guide,,,copied,whole_legacy
main/rebuild/content/legacy/whole/Module 7/Workshop_07/Student_Guide/Workshop_07/PNGs/pg10.png,main/rebuild/content/workshops/workshop-07/Student_Guide/PNGs/pg10.png,workshop-07,Student_Guide,,,copied,whole_legacy
main/rebuild/content/legacy/whole/Module 7/Workshop_07/Student_Guide/Workshop_07/PNGs/pg14.png,main/rebuild/content/workshops/workshop-07/Student_Guide/PNGs/pg14.png,workshop-07,Student_Guide,,,copied,whole_legacy
"main/rebuild/content/legacy/whole/Module 8/Workshop 08 - Mental Health, Relationships & Money.pdf","main/rebuild/content/workshops/workshop-08/resources/Workshop 08 - Mental Health, Relationships & Money.pdf",workshop-08,resources,,,copied,whole_legacy
main/rebuild/content/legacy/whole/Module 8/MB_FTS_ 8.pdf,main/rebuild/content/workshops/workshop-08/resources/MB_FTS_ 8.pdf,workshop-08,resources,,,copied,whole_legacy
main/rebuild/content/legacy/whole/Module 8/MB_FTS_ 8.docx,main/rebuild/content/workshops/workshop-08/resources/MB_FTS_ 8.docx,workshop-08,resources,,,copied,whole_legacy
"main/rebuild/content/legacy/whole/Module 8/Workshop 08 - Mental Health, Relationships & Money; Financial Crisis Planning.pdf","main/rebuild/content/workshops/workshop-08/resources/Workshop 08 - Mental Health, Relationships & Money; Financial Crisis Planning.pdf",workshop-08,resources,,,copied,whole_legacy
main/rebuild/content/legacy/whole/Module 8/Money Basics PPT Workshop 8.pptx,main/rebuild/content/workshops/workshop-08/resources/Money Basics PPT Workshop 8.pptx,workshop-08,resources,,,copied,whole_legacy
main/rebuild/content/legacy/whole/Module 8/Handouts/Elder Financial Abuse.docx,main/rebuild/content/workshops/workshop-08/resources/Handouts/Elder Financial Abuse.docx,workshop-08,resources,,handout,copied,whole_legacy
main/rebuild/content/legacy/whole/Module 8/Handouts/2. Tips for Talking With Your Partner About Finances.pdf,main/rebuild/content/workshops/workshop-08/resources/Handouts/2. Tips for Talking With Your Partner About Finances.pdf,workshop-08,resources,,handout,copied,whole_legacy
main/rebuild/content/legacy/whole/Module 8/Handouts/3. Steps to Healthy Finances in Your Relationship.pdf,main/rebuild/content/workshops/workshop-08/resources/Handouts/3. Steps to Healthy Finances in Your Relationship.pdf,workshop-08,resources,,handout,copied,whole_legacy
main/rebuild/content/legacy/whole/Module 8/Handouts/Financial Stress and Health Risks.docx,main/rebuild/content/workshops/workshop-08/resources/Handouts/Financial Stress and Health Risks.docx,workshop-08,resources,,handout,copied,whole_legacy
main/rebuild/content/legacy/whole/Module 8/Handouts/Workshop 8 Worksheets.docx,main/rebuild/content/workshops/workshop-08/worksheets/Handouts/Workshop 8 Worksheets.docx,workshop-08,worksheets,,handout,copied,whole_legacy
main/rebuild/content/legacy/whole/Module 8/Handouts/6. Understanding Financial Abuse & Safety Planning.docx,main/rebuild/content/workshops/workshop-08/resources/Handouts/6. Understanding Financial Abuse & Safety Planning.docx,workshop-08,resources,,handout,copied,whole_legacy
main/rebuild/content/legacy/whole/Module 8/Handouts/6. Understanding Financial Abuse & Safety Planning.pdf,main/rebuild/content/workshops/workshop-08/resources/Handouts/6. Understanding Financial Abuse & Safety Planning.pdf,workshop-08,resources,,handout,copied,whole_legacy
main/rebuild/content/legacy/whole/Module 8/Handouts/1. The 2 Way Connnection Between Poverty and Mental Health Issues.pdf,main/rebuild/content/workshops/workshop-08/resources/Handouts/1. The 2 Way Connnection Between Poverty and Mental Health Issues.pdf,workshop-08,resources,,handout,copied,whole_legacy
main/rebuild/content/legacy/whole/Module 8/Handouts/FAQ.Representative.Payees.pdf,main/rebuild/content/workshops/workshop-08/resources/Handouts/FAQ.Representative.Payees.pdf,workshop-08,resources,,handout,copied,whole_legacy
main/rebuild/content/legacy/whole/Module 8/Handouts/How to Prevent and Recover from Domestic Financial Abuse.docx,main/rebuild/content/workshops/workshop-08/resources/Handouts/How to Prevent and Recover from Domestic Financial Abuse.docx,workshop-08,resources,,handout,copied,whole_legacy
main/rebuild/content/legacy/whole/Module 8/Handouts/7. Information and Services for Survivors.pdf,main/rebuild/content/workshops/workshop-08/resources/Handouts/7. Information and Services for Survivors.pdf,workshop-08,resources,,handout,copied,whole_legacy
main/rebuild/content/legacy/whole/Module 8/Handouts/Effects of Income Inequality on Health.docx,main/rebuild/content/workshops/workshop-08/resources/Handouts/Effects of Income Inequality on Health.docx,workshop-08,resources,,handout,copied,whole_legacy
main/rebuild/content/legacy/whole/Module 8/Handouts/Financial Abuse Fact Sheet.pdf,main/rebuild/content/workshops/workshop-08/resources/Handouts/Financial Abuse Fact Sheet.pdf,workshop-08,resources,,handout,copied,whole_legacy
main/rebuild/content/legacy/whole/Module 8/Handouts/5. When a Representative Payee Manages Your Money.pdf,main/rebuild/content/workshops/workshop-08/resources/Handouts/5. When a Representative Payee Manages Your Money.pdf,workshop-08,resources,,handout,copied,whole_legacy
main/rebuild/content/legacy/whole/Module 8/Handouts/Financial Abuse FAQs.pdf,main/rebuild/content/workshops/workshop-08/resources/Handouts/Financial Abuse FAQs.pdf,workshop-08,resources,,handout,copied,whole_legacy
main/rebuild/content/legacy/whole/Module 8/Handouts/2. Tips for Talking With Your Partner About Finances.docx,main/rebuild/content/workshops/workshop-08/resources/Handouts/2. Tips for Talking With Your Partner About Finances.docx,workshop-08,resources,,handout,copied,whole_legacy
main/rebuild/content/legacy/whole/Module 8/Handouts/4. Understanding Representative Payees.pdf,main/rebuild/content/workshops/workshop-08/resources/Handouts/4. Understanding Representative Payees.pdf,workshop-08,resources,,handout,copied,whole_legacy
main/rebuild/content/legacy/whole/Module 8/Handouts/Workshop 8 Worksheets.pdf,main/rebuild/content/workshops/workshop-08/worksheets/Handouts/Workshop 8 Worksheets.pdf,workshop-08,worksheets,,handout,copied,whole_legacy
main/rebuild/content/legacy/whole/Module 8/Resources/8. How to Avoid the Health Risks that Come from Financial Stress.docx,main/rebuild/content/workshops/workshop-08/resources/Resources/8. How to Avoid the Health Risks that Come from Financial Stress.docx,workshop-08,resources,,resource,copied,whole_legacy
main/rebuild/content/legacy/whole/Module 8/Resources/7. Income Inequality and Health Care.docx,main/rebuild/content/workshops/workshop-08/resources/Resources/7. Income Inequality and Health Care.docx,workshop-08,resources,,resource,copied,whole_legacy
main/rebuild/content/legacy/whole/Module 8/Resources/Effects of Childhood Poverty.pdf,main/rebuild/content/workshops/workshop-08/resources/Resources/Effects of Childhood Poverty.pdf,workshop-08,resources,,resource,copied,whole_legacy
main/rebuild/content/legacy/whole/Module 8/Resources/11. How to Talk to Your Partner About Money.pdf,main/rebuild/content/workshops/workshop-08/resources/Resources/11. How to Talk to Your Partner About Money.pdf,workshop-08,resources,,resource,copied,whole_legacy
main/rebuild/content/legacy/whole/Module 8/Resources/4. The Poverty Mindset.pdf,main/rebuild/content/workshops/workshop-08/resources/Resources/4. The Poverty Mindset.pdf,workshop-08,resources,,resource,copied,whole_legacy
main/rebuild/content/legacy/whole/Module 8/Resources/1. Mental Health and Money.pdf,main/rebuild/content/workshops/workshop-08/resources/Resources/1. Mental Health and Money.pdf,workshop-08,resources,,resource,copied,whole_legacy
main/rebuild/content/legacy/whole/Module 8/Resources/Workshop 8 Additional Resources.docx,main/rebuild/content/workshops/workshop-08/resources/Resources/Workshop 8 Additional Resources.docx,workshop-08,resources,,additional_resource,copied,whole_legacy
main/rebuild/content/legacy/whole/Module 8/Resources/9. Poverty_s Effect on Children_s Health.pdf,main/rebuild/content/workshops/workshop-08/resources/Resources/9. Poverty_s Effect on Children_s Health.pdf,workshop-08,resources,,resource,copied,whole_legacy
main/rebuild/content/legacy/whole/Module 8/Resources/Money.Smart.for.Older.Adults.Prevent.Financial.Exploitation.pdf,main/rebuild/content/workshops/workshop-08/resources/Resources/Money.Smart.for.Older.Adults.Prevent.Financial.Exploitation.pdf,workshop-08,resources,,resource,copied,whole_legacy
"main/rebuild/content/legacy/whole/Module 8/Resources/2. Poverty, Social Inequality and Mental Health.pdf","main/rebuild/content/workshops/workshop-08/resources/Resources/2. Poverty, Social Inequality and Mental Health.pdf",workshop-08,resources,,resource,copied,whole_legacy
main/rebuild/content/legacy/whole/Module 8/Resources/18. Tackling social inequalities to reduce mental health problems.pdf,main/rebuild/content/workshops/workshop-08/resources/Resources/18. Tackling social inequalities to reduce mental health problems.pdf,workshop-08,resources,,resource,copied,whole_legacy
main/rebuild/content/legacy/whole/Module 8/Resources/7. Income Inequality and Health Care.pdf,main/rebuild/content/workshops/workshop-08/resources/Resources/7. Income Inequality and Health Care.pdf,workshop-08,resources,,resource,copied,whole_legacy
main/rebuild/content/legacy/whole/Module 8/Resources/3. Recovering Your Finances After Rehab.pdf,main/rebuild/content/workshops/workshop-08/resources/Resources/3. Recovering Your Finances After Rehab.pdf,workshop-08,resources,,resource,copied,whole_legacy
main/rebuild/content/legacy/whole/Module 8/Resources/13. How to Prevent Arguments About Money.pdf,main/rebuild/content/workshops/workshop-08/resources/Resources/13. How to Prevent Arguments About Money.pdf,workshop-08,resources,,resource,copied,whole_legacy
main/rebuild/content/legacy/whole/Module 8/Resources/Financial Abuse and Rebuilding your Finances.pdf,main/rebuild/content/workshops/workshop-08/resources/Resources/Financial Abuse and Rebuilding your Finances.pdf,workshop-08,resources,,resource,copied,whole_legacy
main/rebuild/content/legacy/whole/Module 8/Resources/Workshop 8 Additional Resources.pdf,main/rebuild/content/workshops/workshop-08/resources/Resources/Workshop 8 Additional Resources.pdf,workshop-08,resources,,additional_resource,copied,whole_legacy
main/rebuild/content/legacy/whole/Module 8/Resources/Poverty and Health.pdf,main/rebuild/content/workshops/workshop-08/resources/Resources/Poverty and Health.pdf,workshop-08,resources,,resource,copied,whole_legacy
main/rebuild/content/legacy/whole/Module 8/Resources/6. Resources for Problem Gambling.pdf,main/rebuild/content/workshops/workshop-08/resources/Resources/6. Resources for Problem Gambling.pdf,workshop-08,resources,,resource,copied,whole_legacy
main/rebuild/content/legacy/whole/Module 8/Resources/16. How to Spot Financial Abuse of an Elder.docx,main/rebuild/content/workshops/workshop-08/resources/Resources/16. How to Spot Financial Abuse of an Elder.docx,workshop-08,resources,,resource,copied,whole_legacy
main/rebuild/content/legacy/whole/Module 8/Resources/5. FAQs on Problem Gambling.pdf,main/rebuild/content/workshops/workshop-08/resources/Resources/5. FAQs on Problem Gambling.pdf,workshop-08,resources,,resource,copied,whole_legacy
main/rebuild/content/legacy/whole/Module 8/Resources/Statistics on Mental Illness and Poverty.pdf,main/rebuild/content/workshops/workshop-08/resources/Resources/Statistics on Mental Illness and Poverty.pdf,workshop-08,resources,,resource,copied,whole_legacy
main/rebuild/content/legacy/whole/Module 8/Resources/10. Poverty and Poor Health Worldwide.pdf,main/rebuild/content/workshops/workshop-08/resources/Resources/10. Poverty and Poor Health Worldwide.pdf,workshop-08,resources,,resource,copied,whole_legacy
main/rebuild/content/legacy/whole/Module 8/Resources/16. How to Spot Financial Abuse of an Elder.pdf,main/rebuild/content/workshops/workshop-08/resources/Resources/16. How to Spot Financial Abuse of an Elder.pdf,workshop-08,resources,,resource,copied,whole_legacy
main/rebuild/content/legacy/whole/Module 8/Resources/15. Common Financially Abusive Behaviors.pdf,main/rebuild/content/workshops/workshop-08/resources/Resources/15. Common Financially Abusive Behaviors.pdf,workshop-08,resources,,resource,copied,whole_legacy
main/rebuild/content/legacy/whole/Module 8/Resources/14. How to Talk to Your Spouse About Money.pdf,main/rebuild/content/workshops/workshop-08/resources/Resources/14. How to Talk to Your Spouse About Money.pdf,workshop-08,resources,,resource,copied,whole_legacy
main/rebuild/content/legacy/whole/Module 8/Resources/12. Money Problems and Relationship Problems.pdf,main/rebuild/content/workshops/workshop-08/resources/Resources/12. Money Problems and Relationship Problems.pdf,workshop-08,resources,,resource,copied,whole_legacy
main/rebuild/content/legacy/whole/Module 8/Resources/8. How to Avoid the Health Risks that Come from Financial Stress.pdf,main/rebuild/content/workshops/workshop-08/resources/Resources/8. How to Avoid the Health Risks that Come from Financial Stress.pdf,workshop-08,resources,,resource,copied,whole_legacy
main/rebuild/content/legacy/whole/Module 8/Resources/11. How to Talk to Your Partner About Money.docx,main/rebuild/content/workshops/workshop-08/resources/Resources/11. How to Talk to Your Partner About Money.docx,workshop-08,resources,,resource,copied,whole_legacy
main/rebuild/content/legacy/whole/Module 8/Workshop_08_pages/Facilitator_Guide/Workshop_08/PDFs/pg1.pdf,main/rebuild/content/workshops/workshop-08/Facilitator_Guide/PDFs/pg1.pdf,workshop-08,Facilitator_Guide,,,copied,whole_legacy
main/rebuild/content/legacy/whole/Module 8/Workshop_08_pages/Facilitator_Guide/Workshop_08/PDFs/pg8.pdf,main/rebuild/content/workshops/workshop-08/Facilitator_Guide/PDFs/pg8.pdf,workshop-08,Facilitator_Guide,,,copied,whole_legacy
main/rebuild/content/legacy/whole/Module 8/Workshop_08_pages/Facilitator_Guide/Workshop_08/PDFs/pg2.pdf,main/rebuild/content/workshops/workshop-08/Facilitator_Guide/PDFs/pg2.pdf,workshop-08,Facilitator_Guide,,,copied,whole_legacy
main/rebuild/content/legacy/whole/Module 8/Workshop_08_pages/Facilitator_Guide/Workshop_08/PDFs/pg4.pdf,main/rebuild/content/workshops/workshop-08/Facilitator_Guide/PDFs/pg4.pdf,workshop-08,Facilitator_Guide,,,copied,whole_legacy
main/rebuild/content/legacy/whole/Module 8/Workshop_08_pages/Facilitator_Guide/Workshop_08/PDFs/pg7.pdf,main/rebuild/content/workshops/workshop-08/Facilitator_Guide/PDFs/pg7.pdf,workshop-08,Facilitator_Guide,,,copied,whole_legacy
main/rebuild/content/legacy/whole/Module 8/Workshop_08_pages/Facilitator_Guide/Workshop_08/PDFs/pg6.pdf,main/rebuild/content/workshops/workshop-08/Facilitator_Guide/PDFs/pg6.pdf,workshop-08,Facilitator_Guide,,,copied,whole_legacy
main/rebuild/content/legacy/whole/Module 8/Workshop_08_pages/Facilitator_Guide/Workshop_08/PDFs/pg9.pdf,main/rebuild/content/workshops/workshop-08/Facilitator_Guide/PDFs/pg9.pdf,workshop-08,Facilitator_Guide,,,copied,whole_legacy
main/rebuild/content/legacy/whole/Module 8/Workshop_08_pages/Facilitator_Guide/Workshop_08/PDFs/pg5.pdf,main/rebuild/content/workshops/workshop-08/Facilitator_Guide/PDFs/pg5.pdf,workshop-08,Facilitator_Guide,,,copied,whole_legacy
main/rebuild/content/legacy/whole/Module 8/Workshop_08_pages/Facilitator_Guide/Workshop_08/PDFs/pg3.pdf,main/rebuild/content/workshops/workshop-08/Facilitator_Guide/PDFs/pg3.pdf,workshop-08,Facilitator_Guide,,,copied,whole_legacy
main/rebuild/content/legacy/whole/Module 8/Workshop_08_pages/Facilitator_Guide/Workshop_08/PNGs/pg5.png,main/rebuild/content/workshops/workshop-08/Facilitator_Guide/PNGs/pg5.png,workshop-08,Facilitator_Guide,,,copied,whole_legacy
main/rebuild/content/legacy/whole/Module 8/Workshop_08_pages/Facilitator_Guide/Workshop_08/PNGs/pg1.png,main/rebuild/content/workshops/workshop-08/Facilitator_Guide/PNGs/pg1.png,workshop-08,Facilitator_Guide,,,copied,whole_legacy
main/rebuild/content/legacy/whole/Module 8/Workshop_08_pages/Facilitator_Guide/Workshop_08/PNGs/pg9.png,main/rebuild/content/workshops/workshop-08/Facilitator_Guide/PNGs/pg9.png,workshop-08,Facilitator_Guide,,,copied,whole_legacy
main/rebuild/content/legacy/whole/Module 8/Workshop_08_pages/Facilitator_Guide/Workshop_08/PNGs/pg2.png,main/rebuild/content/workshops/workshop-08/Facilitator_Guide/PNGs/pg2.png,workshop-08,Facilitator_Guide,,,copied,whole_legacy
main/rebuild/content/legacy/whole/Module 8/Workshop_08_pages/Facilitator_Guide/Workshop_08/PNGs/pg4.png,main/rebuild/content/workshops/workshop-08/Facilitator_Guide/PNGs/pg4.png,workshop-08,Facilitator_Guide,,,copied,whole_legacy
main/rebuild/content/legacy/whole/Module 8/Workshop_08_pages/Facilitator_Guide/Workshop_08/PNGs/pg7.png,main/rebuild/content/workshops/workshop-08/Facilitator_Guide/PNGs/pg7.png,workshop-08,Facilitator_Guide,,,copied,whole_legacy
main/rebuild/content/legacy/whole/Module 8/Workshop_08_pages/Facilitator_Guide/Workshop_08/PNGs/pg8.png,main/rebuild/content/workshops/workshop-08/Facilitator_Guide/PNGs/pg8.png,workshop-08,Facilitator_Guide,,,copied,whole_legacy
main/rebuild/content/legacy/whole/Module 8/Workshop_08_pages/Facilitator_Guide/Workshop_08/PNGs/pg6.png,main/rebuild/content/workshops/workshop-08/Facilitator_Guide/PNGs/pg6.png,workshop-08,Facilitator_Guide,,,copied,whole_legacy
main/rebuild/content/legacy/whole/Module 8/Workshop_08_pages/Facilitator_Guide/Workshop_08/PNGs/pg3.png,main/rebuild/content/workshops/workshop-08/Facilitator_Guide/PNGs/pg3.png,workshop-08,Facilitator_Guide,,,copied,whole_legacy
main/rebuild/content/legacy/whole/Module 8/Workshop_08_pages/Student_Guide/Workshop_08/PDFs/pg21.pdf,main/rebuild/content/workshops/workshop-08/Student_Guide/PDFs/pg21.pdf,workshop-08,Student_Guide,,,copied,whole_legacy
main/rebuild/content/legacy/whole/Module 8/Workshop_08_pages/Student_Guide/Workshop_08/PDFs/pg10.pdf,main/rebuild/content/workshops/workshop-08/Student_Guide/PDFs/pg10.pdf,workshop-08,Student_Guide,,,copied,whole_legacy
main/rebuild/content/legacy/whole/Module 8/Workshop_08_pages/Student_Guide/Workshop_08/PDFs/pg1.pdf,main/rebuild/content/workshops/workshop-08/Student_Guide/PDFs/pg1.pdf,workshop-08,Student_Guide,,,copied,whole_legacy
main/rebuild/content/legacy/whole/Module 8/Workshop_08_pages/Student_Guide/Workshop_08/PDFs/pg17.pdf,main/rebuild/content/workshops/workshop-08/Student_Guide/PDFs/pg17.pdf,workshop-08,Student_Guide,,,copied,whole_legacy
main/rebuild/content/legacy/whole/Module 8/Workshop_08_pages/Student_Guide/Workshop_08/PDFs/pg20.pdf,main/rebuild/content/workshops/workshop-08/Student_Guide/PDFs/pg20.pdf,workshop-08,Student_Guide,,,copied,whole_legacy
main/rebuild/content/legacy/whole/Module 8/Workshop_08_pages/Student_Guide/Workshop_08/PDFs/pg8.pdf,main/rebuild/content/workshops/workshop-08/Student_Guide/PDFs/pg8.pdf,workshop-08,Student_Guide,,,copied,whole_legacy
main/rebuild/content/legacy/whole/Module 8/Workshop_08_pages/Student_Guide/Workshop_08/PDFs/pg18.pdf,main/rebuild/content/workshops/workshop-08/Student_Guide/PDFs/pg18.pdf,workshop-08,Student_Guide,,,copied,whole_legacy
main/rebuild/content/legacy/whole/Module 8/Workshop_08_pages/Student_Guide/Workshop_08/PDFs/pg2.pdf,main/rebuild/content/workshops/workshop-08/Student_Guide/PDFs/pg2.pdf,workshop-08,Student_Guide,,,copied,whole_legacy
main/rebuild/content/legacy/whole/Module 8/Workshop_08_pages/Student_Guide/Workshop_08/PDFs/pg4.pdf,main/rebuild/content/workshops/workshop-08/Student_Guide/PDFs/pg4.pdf,workshop-08,Student_Guide,,,copied,whole_legacy
main/rebuild/content/legacy/whole/Module 8/Workshop_08_pages/Student_Guide/Workshop_08/PDFs/pg12.pdf,main/rebuild/content/workshops/workshop-08/Student_Guide/PDFs/pg12.pdf,workshop-08,Student_Guide,,,copied,whole_legacy
main/rebuild/content/legacy/whole/Module 8/Workshop_08_pages/Student_Guide/Workshop_08/PDFs/pg13.pdf,main/rebuild/content/workshops/workshop-08/Student_Guide/PDFs/pg13.pdf,workshop-08,Student_Guide,,,copied,whole_legacy
main/rebuild/content/legacy/whole/Module 8/Workshop_08_pages/Student_Guide/Workshop_08/PDFs/pg11.pdf,main/rebuild/content/workshops/workshop-08/Student_Guide/PDFs/pg11.pdf,workshop-08,Student_Guide,,,copied,whole_legacy
main/rebuild/content/legacy/whole/Module 8/Workshop_08_pages/Student_Guide/Workshop_08/PDFs/pg16.pdf,main/rebuild/content/workshops/workshop-08/Student_Guide/PDFs/pg16.pdf,workshop-08,Student_Guide,,,copied,whole_legacy
main/rebuild/content/legacy/whole/Module 8/Workshop_08_pages/Student_Guide/Workshop_08/PDFs/pg7.pdf,main/rebuild/content/workshops/workshop-08/Student_Guide/PDFs/pg7.pdf,workshop-08,Student_Guide,,,copied,whole_legacy
main/rebuild/content/legacy/whole/Module 8/Workshop_08_pages/Student_Guide/Workshop_08/PDFs/pg6.pdf,main/rebuild/content/workshops/workshop-08/Student_Guide/PDFs/pg6.pdf,workshop-08,Student_Guide,,,copied,whole_legacy
main/rebuild/content/legacy/whole/Module 8/Workshop_08_pages/Student_Guide/Workshop_08/PDFs/pg14.pdf,main/rebuild/content/workshops/workshop-08/Student_Guide/PDFs/pg14.pdf,workshop-08,Student_Guide,,,copied,whole_legacy
main/rebuild/content/legacy/whole/Module 8/Workshop_08_pages/Student_Guide/Workshop_08/PDFs/pg9.pdf,main/rebuild/content/workshops/workshop-08/Student_Guide/PDFs/pg9.pdf,workshop-08,Student_Guide,,,copied,whole_legacy
main/rebuild/content/legacy/whole/Module 8/Workshop_08_pages/Student_Guide/Workshop_08/PDFs/pg5.pdf,main/rebuild/content/workshops/workshop-08/Student_Guide/PDFs/pg5.pdf,workshop-08,Student_Guide,,,copied,whole_legacy
main/rebuild/content/legacy/whole/Module 8/Workshop_08_pages/Student_Guide/Workshop_08/PDFs/pg19.pdf,main/rebuild/content/workshops/workshop-08/Student_Guide/PDFs/pg19.pdf,workshop-08,Student_Guide,,,copied,whole_legacy
main/rebuild/content/legacy/whole/Module 8/Workshop_08_pages/Student_Guide/Workshop_08/PDFs/pg15.pdf,main/rebuild/content/workshops/workshop-08/Student_Guide/PDFs/pg15.pdf,workshop-08,Student_Guide,,,copied,whole_legacy
main/rebuild/content/legacy/whole/Module 8/Workshop_08_pages/Student_Guide/Workshop_08/PDFs/pg3.pdf,main/rebuild/content/workshops/workshop-08/Student_Guide/PDFs/pg3.pdf,workshop-08,Student_Guide,,,copied,whole_legacy
main/rebuild/content/legacy/whole/Module 8/Workshop_08_pages/Student_Guide/Workshop_08/PNGs/pg5.png,main/rebuild/content/workshops/workshop-08/Student_Guide/PNGs/pg5.png,workshop-08,Student_Guide,,,copied,whole_legacy
main/rebuild/content/legacy/whole/Module 8/Workshop_08_pages/Student_Guide/Workshop_08/PNGs/pg16.png,main/rebuild/content/workshops/workshop-08/Student_Guide/PNGs/pg16.png,workshop-08,Student_Guide,,,copied,whole_legacy
main/rebuild/content/legacy/whole/Module 8/Workshop_08_pages/Student_Guide/Workshop_08/PNGs/pg1.png,main/rebuild/content/workshops/workshop-08/Student_Guide/PNGs/pg1.png,workshop-08,Student_Guide,,,copied,whole_legacy
main/rebuild/content/legacy/whole/Module 8/Workshop_08_pages/Student_Guide/Workshop_08/PNGs/pg9.png,main/rebuild/content/workshops/workshop-08/Student_Guide/PNGs/pg9.png,workshop-08,Student_Guide,,,copied,whole_legacy
main/rebuild/content/legacy/whole/Module 8/Workshop_08_pages/Student_Guide/Workshop_08/PNGs/pg2.png,main/rebuild/content/workshops/workshop-08/Student_Guide/PNGs/pg2.png,workshop-08,Student_Guide,,,copied,whole_legacy
main/rebuild/content/legacy/whole/Module 8/Workshop_08_pages/Student_Guide/Workshop_08/PNGs/pg4.png,main/rebuild/content/workshops/workshop-08/Student_Guide/PNGs/pg4.png,workshop-08,Student_Guide,,,copied,whole_legacy
main/rebuild/content/legacy/whole/Module 8/Workshop_08_pages/Student_Guide/Workshop_08/PNGs/pg19.png,main/rebuild/content/workshops/workshop-08/Student_Guide/PNGs/pg19.png,workshop-08,Student_Guide,,,copied,whole_legacy
main/rebuild/content/legacy/whole/Module 8/Workshop_08_pages/Student_Guide/Workshop_08/PNGs/pg21.png,main/rebuild/content/workshops/workshop-08/Student_Guide/PNGs/pg21.png,workshop-08,Student_Guide,,,copied,whole_legacy
main/rebuild/content/legacy/whole/Module 8/Workshop_08_pages/Student_Guide/Workshop_08/PNGs/pg18.png,main/rebuild/content/workshops/workshop-08/Student_Guide/PNGs/pg18.png,workshop-08,Student_Guide,,,copied,whole_legacy
main/rebuild/content/legacy/whole/Module 8/Workshop_08_pages/Student_Guide/Workshop_08/PNGs/pg7.png,main/rebuild/content/workshops/workshop-08/Student_Guide/PNGs/pg7.png,workshop-08,Student_Guide,,,copied,whole_legacy
main/rebuild/content/legacy/whole/Module 8/Workshop_08_pages/Student_Guide/Workshop_08/PNGs/pg12.png,main/rebuild/content/workshops/workshop-08/Student_Guide/PNGs/pg12.png,workshop-08,Student_Guide,,,copied,whole_legacy
main/rebuild/content/legacy/whole/Module 8/Workshop_08_pages/Student_Guide/Workshop_08/PNGs/pg8.png,main/rebuild/content/workshops/workshop-08/Student_Guide/PNGs/pg8.png,workshop-08,Student_Guide,,,copied,whole_legacy
main/rebuild/content/legacy/whole/Module 8/Workshop_08_pages/Student_Guide/Workshop_08/PNGs/pg11.png,main/rebuild/content/workshops/workshop-08/Student_Guide/PNGs/pg11.png,workshop-08,Student_Guide,,,copied,whole_legacy
main/rebuild/content/legacy/whole/Module 8/Workshop_08_pages/Student_Guide/Workshop_08/PNGs/pg15.png,main/rebuild/content/workshops/workshop-08/Student_Guide/PNGs/pg15.png,workshop-08,Student_Guide,,,copied,whole_legacy
main/rebuild/content/legacy/whole/Module 8/Workshop_08_pages/Student_Guide/Workshop_08/PNGs/pg6.png,main/rebuild/content/workshops/workshop-08/Student_Guide/PNGs/pg6.png,workshop-08,Student_Guide,,,copied,whole_legacy
main/rebuild/content/legacy/whole/Module 8/Workshop_08_pages/Student_Guide/Workshop_08/PNGs/pg17.png,main/rebuild/content/workshops/workshop-08/Student_Guide/PNGs/pg17.png,workshop-08,Student_Guide,,,copied,whole_legacy
main/rebuild/content/legacy/whole/Module 8/Workshop_08_pages/Student_Guide/Workshop_08/PNGs/pg20.png,main/rebuild/content/workshops/workshop-08/Student_Guide/PNGs/pg20.png,workshop-08,Student_Guide,,,copied,whole_legacy
main/rebuild/content/legacy/whole/Module 8/Workshop_08_pages/Student_Guide/Workshop_08/PNGs/pg3.png,main/rebuild/content/workshops/workshop-08/Student_Guide/PNGs/pg3.png,workshop-08,Student_Guide,,,copied,whole_legacy
main/rebuild/content/legacy/whole/Module 8/Workshop_08_pages/Student_Guide/Workshop_08/PNGs/pg13.png,main/rebuild/content/workshops/workshop-08/Student_Guide/PNGs/pg13.png,workshop-08,Student_Guide,,,copied,whole_legacy
main/rebuild/content/legacy/whole/Module 8/Workshop_08_pages/Student_Guide/Workshop_08/PNGs/pg10.png,main/rebuild/content/workshops/workshop-08/Student_Guide/PNGs/pg10.png,workshop-08,Student_Guide,,,copied,whole_legacy
main/rebuild/content/legacy/whole/Module 8/Workshop_08_pages/Student_Guide/Workshop_08/PNGs/pg14.png,main/rebuild/content/workshops/workshop-08/Student_Guide/PNGs/pg14.png,workshop-08,Student_Guide,,,copied,whole_legacy
main/rebuild/content/legacy/whole/Module 9/How to Cope with Tax Season Stress.docx,main/rebuild/content/workshops/workshop-09/resources/How to Cope with Tax Season Stress.docx,workshop-09,resources,,,copied,whole_legacy
main/rebuild/content/legacy/whole/Module 9/What to Know About How to File Taxes.docx,main/rebuild/content/workshops/workshop-09/resources/What to Know About How to File Taxes.docx,workshop-09,resources,,,copied,whole_legacy
main/rebuild/content/legacy/whole/Module 9/Module Nine Additional Resources.docx,main/rebuild/content/workshops/workshop-09/resources/Module Nine Additional Resources.docx,workshop-09,resources,,additional_resource,copied,whole_legacy
main/rebuild/content/legacy/whole/Module 9/MB_FTS_ 9.docx,main/rebuild/content/workshops/workshop-09/resources/MB_FTS_ 9.docx,workshop-09,resources,,,copied,whole_legacy
main/rebuild/content/legacy/whole/Module 9/Money Basics PPT Workshop 9.pptx,main/rebuild/content/workshops/workshop-09/resources/Money Basics PPT Workshop 9.pptx,workshop-09,resources,,,copied,whole_legacy
"main/rebuild/content/legacy/whole/Module 9/Regressive, Proportional, and Progressive Taxes.docx","main/rebuild/content/workshops/workshop-09/resources/Regressive, Proportional, and Progressive Taxes.docx",workshop-09,resources,,,copied,whole_legacy
main/rebuild/content/legacy/whole/Module 9/Workshop 09 - Tax Returns.pdf,main/rebuild/content/workshops/workshop-09/resources/Workshop 09 - Tax Returns.pdf,workshop-09,resources,,,copied,whole_legacy
main/rebuild/content/legacy/whole/Module 9/Handouts/2. IRS Free File.pdf,main/rebuild/content/workshops/workshop-09/resources/Handouts/2. IRS Free File.pdf,workshop-09,resources,,handout,copied,whole_legacy
main/rebuild/content/legacy/whole/Module 9/Handouts/6. Common Tax Write-Offs You Can Claim.pdf,main/rebuild/content/workshops/workshop-09/resources/Handouts/6. Common Tax Write-Offs You Can Claim.pdf,workshop-09,resources,,handout,copied,whole_legacy
main/rebuild/content/legacy/whole/Module 9/Handouts/5. Credits & Deductions.pdf,main/rebuild/content/workshops/workshop-09/resources/Handouts/5. Credits & Deductions.pdf,workshop-09,resources,,handout,copied,whole_legacy
main/rebuild/content/legacy/whole/Module 9/Handouts/1. IRS Tips to Take the Stress out of Tax Season.pdf,main/rebuild/content/workshops/workshop-09/resources/Handouts/1. IRS Tips to Take the Stress out of Tax Season.pdf,workshop-09,resources,,handout,copied,whole_legacy
main/rebuild/content/legacy/whole/Module 9/Handouts/Who Qualifies for the Earned Income Tax Credit (EITC) _ Internal Revenue Service.pdf,main/rebuild/content/workshops/workshop-09/resources/Handouts/Who Qualifies for the Earned Income Tax Credit (EITC) _ Internal Revenue Service.pdf,workshop-09,resources,,handout,copied,whole_legacy
main/rebuild/content/legacy/whole/Module 9/Handouts/4. The Three Basic Tax Types.pdf,main/rebuild/content/workshops/workshop-09/resources/Handouts/4. The Three Basic Tax Types.pdf,workshop-09,resources,,handout,copied,whole_legacy
main/rebuild/content/legacy/whole/Module 9/Handouts/3. 6 Steps for First-Time Tax Filers.pdf,main/rebuild/content/workshops/workshop-09/resources/Handouts/3. 6 Steps for First-Time Tax Filers.pdf,workshop-09,resources,,handout,copied,whole_legacy
main/rebuild/content/legacy/whole/Module 9/Handouts/7. 8 Things to Know about Oregon’s Tax System.pdf,main/rebuild/content/workshops/workshop-09/resources/Handouts/7. 8 Things to Know about Oregon’s Tax System.pdf,workshop-09,resources,,handout,copied,whole_legacy
main/rebuild/content/legacy/whole/Module 9/Resources/6. Regressive Vs. Progressive Taxes.docx,main/rebuild/content/workshops/workshop-09/resources/Resources/6. Regressive Vs. Progressive Taxes.docx,workshop-09,resources,,resource,copied,whole_legacy
main/rebuild/content/legacy/whole/Module 9/Resources/Workshop 9 Additional Resources.docx,main/rebuild/content/workshops/workshop-09/resources/Resources/Workshop 9 Additional Resources.docx,workshop-09,resources,,additional_resource,copied,whole_legacy
main/rebuild/content/legacy/whole/Module 9/Resources/Workshop 9 Additional Resources.pdf,main/rebuild/content/workshops/workshop-09/resources/Resources/Workshop 9 Additional Resources.pdf,workshop-09,resources,,additional_resource,copied,whole_legacy
main/rebuild/content/legacy/whole/Module 9/Resources/2. How to Cope with Tax Season Stress.docx,main/rebuild/content/workshops/workshop-09/resources/Resources/2. How to Cope with Tax Season Stress.docx,workshop-09,resources,,resource,copied,whole_legacy
main/rebuild/content/legacy/whole/Module 9/Resources/6. Regressive Vs. Progressive Taxes.pdf,main/rebuild/content/workshops/workshop-09/resources/Resources/6. Regressive Vs. Progressive Taxes.pdf,workshop-09,resources,,resource,copied,whole_legacy
main/rebuild/content/legacy/whole/Module 9/Resources/7. Federal Tax Revenue.pdf,main/rebuild/content/workshops/workshop-09/resources/Resources/7. Federal Tax Revenue.pdf,workshop-09,resources,,resource,copied,whole_legacy
main/rebuild/content/legacy/whole/Module 9/Resources/2. How to Cope with Tax Season Stress.pdf,main/rebuild/content/workshops/workshop-09/resources/Resources/2. How to Cope with Tax Season Stress.pdf,workshop-09,resources,,resource,copied,whole_legacy
main/rebuild/content/legacy/whole/Module 9/Resources/Form 1040.pdf,main/rebuild/content/workshops/workshop-09/resources/Resources/Form 1040.pdf,workshop-09,resources,,resource,copied,whole_legacy
main/rebuild/content/legacy/whole/Module 9/Resources/1. What to Know About How to File Taxes.pdf,main/rebuild/content/workshops/workshop-09/resources/Resources/1. What to Know About How to File Taxes.pdf,workshop-09,resources,,resource,copied,whole_legacy
main/rebuild/content/legacy/whole/Module 9/Resources/3. How to File Your Taxes.pdf,main/rebuild/content/workshops/workshop-09/resources/Resources/3. How to File Your Taxes.pdf,workshop-09,resources,,resource,copied,whole_legacy
main/rebuild/content/legacy/whole/Module 9/Resources/4. Tax Basics.pdf,main/rebuild/content/workshops/workshop-09/resources/Resources/4. Tax Basics.pdf,workshop-09,resources,,resource,copied,whole_legacy
main/rebuild/content/legacy/whole/Module 9/Resources/1. What to Know About How to File Taxes.docx,main/rebuild/content/workshops/workshop-09/resources/Resources/1. What to Know About How to File Taxes.docx,workshop-09,resources,,resource,copied,whole_legacy
main/rebuild/content/legacy/whole/Module 9/Resources/5. Why We Pay Taxes.pdf,main/rebuild/content/workshops/workshop-09/resources/Resources/5. Why We Pay Taxes.pdf,workshop-09,resources,,resource,copied,whole_legacy
main/rebuild/src/site/materials/Workshop_02/worksheets.html,main/rebuild/content/workshops/workshop-02/pages/worksheets.html,workshop-02,pages,worksheets_page,worksheet,copied,materials
main/rebuild/src/site/materials/Workshop_02/index.html,main/rebuild/content/workshops/workshop-02/pages/index.html,workshop-02,pages,index_page,,copied,materials
main/rebuild/src/site/materials/Workshop_02/core-resources.html,main/rebuild/content/workshops/workshop-02/pages/core-resources.html,workshop-02,pages,core_resources_page,core_resource,copied,materials
main/rebuild/src/site/materials/Workshop_02/additional-resources.html,main/rebuild/content/workshops/workshop-02/pages/additional-resources.html,workshop-02,pages,additional_resources_page,additional_resource,copied,materials
main/rebuild/src/site/materials/Workshop_02/handouts.html,main/rebuild/content/workshops/workshop-02/pages/handouts.html,workshop-02,pages,handouts_page,handout,copied,materials
main/rebuild/src/site/materials/Workshop_02/activity/index.html,main/rebuild/content/workshops/workshop-02/activities/activity/index.html,workshop-02,activities,index_page,,copied,materials
main/rebuild/src/site/materials/Workshop_03/worksheets.html,main/rebuild/content/workshops/workshop-03/pages/worksheets.html,workshop-03,pages,worksheets_page,worksheet,copied,materials
main/rebuild/src/site/materials/Workshop_03/index.html,main/rebuild/content/workshops/workshop-03/pages/index.html,workshop-03,pages,index_page,,copied,materials
main/rebuild/src/site/materials/Workshop_03/core-resources.html,main/rebuild/content/workshops/workshop-03/pages/core-resources.html,workshop-03,pages,core_resources_page,core_resource,copied,materials
main/rebuild/src/site/materials/Workshop_03/additional-resources.html,main/rebuild/content/workshops/workshop-03/pages/additional-resources.html,workshop-03,pages,additional_resources_page,additional_resource,copied,materials
main/rebuild/src/site/materials/Workshop_03/handouts.html,main/rebuild/content/workshops/workshop-03/pages/handouts.html,workshop-03,pages,handouts_page,handout,copied,materials
main/rebuild/src/site/materials/Workshop_03/activity/index.html,main/rebuild/content/workshops/workshop-03/activities/activity/index.html,workshop-03,activities,index_page,,copied,materials
main/rebuild/src/site/materials/Workshop_04/worksheets.html,main/rebuild/content/workshops/workshop-04/pages/worksheets.html,workshop-04,pages,worksheets_page,worksheet,copied,materials
main/rebuild/src/site/materials/Workshop_04/index.html,main/rebuild/content/workshops/workshop-04/pages/index.html,workshop-04,pages,index_page,,copied,materials
main/rebuild/src/site/materials/Workshop_04/core-resources.html,main/rebuild/content/workshops/workshop-04/pages/core-resources.html,workshop-04,pages,core_resources_page,core_resource,copied,materials
main/rebuild/src/site/materials/Workshop_04/additional-resources.html,main/rebuild/content/workshops/workshop-04/pages/additional-resources.html,workshop-04,pages,additional_resources_page,additional_resource,copied,materials
main/rebuild/src/site/materials/Workshop_04/handouts.html,main/rebuild/content/workshops/workshop-04/pages/handouts.html,workshop-04,pages,handouts_page,handout,copied,materials
main/rebuild/src/site/materials/Workshop_04/activity/index.html,main/rebuild/content/workshops/workshop-04/activities/activity/index.html,workshop-04,activities,index_page,,copied,materials
main/rebuild/src/site/materials/Workshop_04/activity/assets/check_wksp_pg11.png,main/rebuild/content/workshops/workshop-04/activities/activity/assets/check_wksp_pg11.png,workshop-04,activities,,,copied,materials
main/rebuild/src/site/materials/Workshop_04/activity/assets/images/check-how-to-read.png,main/rebuild/content/workshops/workshop-04/activities/activity/assets/images/check-how-to-read.png,workshop-04,activities,,,copied,materials
