source_path,ext
Parts/FG:SG_Splits/Wksp/Facilitator Guide/Wksp PDFs/Workshop 01 - Introduction.pdf,pdf
Parts/FG:SG_Splits/Wksp/Facilitator Guide/Wksp PDFs/Workshop 02 - Setting Financial Goals.pdf,pdf
Parts/FG:SG_Splits/Wksp/Facilitator Guide/Wksp PDFs/Workshop 03 - Creating a Budget.pdf,pdf
Parts/FG:SG_Splits/Wksp/Facilitator Guide/Wksp PDFs/Workshop 04 - Banking Basics.pdf,pdf
"Parts/FG:SG_Splits/Wksp/Facilitator Guide/Wksp PDFs/Workshop 05 - Debit Cards, ATMs, Online Banking.pdf",pdf
Parts/FG:SG_Splits/Wksp/Facilitator Guide/Wksp PDFs/Workshop 06 - Credit & Loans.pdf,pdf
Parts/FG:SG_Splits/Wksp/Facilitator Guide/Wksp PDFs/Workshop 07 - Debt & Tools.pdf,pdf
"Parts/FG:SG_Splits/Wksp/Facilitator Guide/Wksp PDFs/Workshop 08 - Mental Health, Relationships & Money.pdf",pdf
Parts/FG:SG_Splits/Wksp/Facilitator Guide/Wksp PDFs/Workshop 09 - Tax Returns.pdf,pdf
Parts/FG:SG_Splits/Wksp/Facilitator Guide/Wksp PDFs/Workshop 10 - Savings Accounts & Goals.pdf,pdf
Parts/FG:SG_Splits/Wksp/Facilitator Guide/Wksp PDFs/Workshop 11 - Course Graduation.pdf,pdf
Parts/FG:SG_Splits/Wksp/Student Guide/Wksps/Workshop 01 - Introduction & Course Overview.pdf,pdf
Parts/FG:SG_Splits/Wksp/Student Guide/Wksps/Workshop 02 - Setting Financial Goals; Person Directed Planning.pdf,pdf
Parts/FG:SG_Splits/Wksp/Student Guide/Wksps/Workshop 03 - Creating a Budget & Resources to Save Money.pdf,pdf
Parts/FG:SG_Splits/Wksp/Student Guide/Wksps/Workshop 04 - Banking Basics & Checking Accounts.pdf,pdf
"Parts/FG:SG_Splits/Wksp/Student Guide/Wksps/Workshop 05 - Debit Cards, ATMs, Online Banking & Money Safety.pdf",pdf
Parts/FG:SG_Splits/Wksp/Student Guide/Wksps/Workshop 06 - Credit & Loans.pdf,pdf
Parts/FG:SG_Splits/Wksp/Student Guide/Wksps/Workshop 07 - Debt & Tools to Get Out of It.pdf,pdf
"Parts/FG:SG_Splits/Wksp/Student Guide/Wksps/Workshop 08 - Mental Health, Relationships & Money; Financial Crisis Planning.pdf",pdf
Parts/FG:SG_Splits/Wksp/Student Guide/Wksps/Workshop 09 - How to File a Tax Return & Resources for Doing So.pdf,pdf
Parts/Teaching Materials/Facilitator & Student Guides/Glossaries/Glossary of Financial Terms.docx,docx
Parts/Teaching Materials/Facilitator & Student Guides/Glossaries/Glossary of Financial Terms.pdf,pdf
Parts/Teaching Materials/Facilitator & Student Guides/Glossaries/Glossary of Terms on Poverty.pdf,pdf
Parts/Teaching Materials/Facilitator & Student Guides/Glossaries/financial-terms-glossary.filtered.html,html
Parts/Teaching Materials/Facilitator & Student Guides/Glossaries/money-basics-student-glossary.html,html
Parts/Teaching Materials/Facilitator & Student Guides/Money Basics Facilitator Guide.pdf,pdf
Parts/Teaching Materials/Facilitator & Student Guides/Money Basics Facilitator Guide[Final].docx,docx
Parts/Teaching Materials/Facilitator & Student Guides/Money Basics Student Guide [Final].docx,docx
Parts/Teaching Materials/Facilitator & Student Guides/Money Basics Student Guide.pdf,pdf
Parts/Teaching Materials/Glossaries/Glossary of Financial Terms.pdf,pdf
Parts/Teaching Materials/Glossaries/Glossary of Terms on Poverty.pdf,pdf
Parts/Teaching Materials/Glossaries/ODHS Equity Glossary.pdf,pdf
Parts/Teaching Materials/Workshop 1/Handouts/1. Poverty and Hunger in America.pdf,pdf
Parts/Teaching Materials/Workshop 1/Handouts/2. Steps Toward Financial Resilience.pdf,pdf
Parts/Teaching Materials/Workshop 1/Handouts/3. Poverty and Intersectionality in Oregon.pdf,pdf
Parts/Teaching Materials/Workshop 1/Handouts/4. Hidden Rules Among Classes.pdf,pdf
Parts/Teaching Materials/Workshop 1/Handouts/5. How Poverty is Measured in the US.pdf,pdf
Parts/Teaching Materials/Workshop 1/Handouts/6. The _American Dream_ of upward mobility is broken.pdf,pdf
Parts/Teaching Materials/Workshop 1/Handouts/7. White Privilege Invisible Knapsack.pdf,pdf
Parts/Teaching Materials/Workshop 1/Handouts/Financial Literacy & African Americans_ Bridging the Gap.pdf,pdf
Parts/Teaching Materials/Workshop 1/Handouts/Workshop 1 Worksheets (extra).pdf,pdf
Parts/Teaching Materials/Workshop 1/Handouts/Workshop 1 Worksheets.pdf,pdf
Parts/Teaching Materials/Workshop 1/Money Basics PPT Workshop 1.pptx,pptx
Parts/Teaching Materials/Workshop 1/Resources/1. Tips for Managing Money When You Live With Mental Health Challenges.pdf,pdf
"Parts/Teaching Materials/Workshop 1/Resources/10. Brief History of Race, Racism & Colonialism.pdf",pdf
"Parts/Teaching Materials/Workshop 1/Resources/11. Unaffordable America. Poverty, Housing and Eviction.pdf",pdf
Parts/Teaching Materials/Workshop 1/Resources/12. FAQs on Problem Gambling.pdf,pdf
Parts/Teaching Materials/Workshop 1/Resources/13. Financial Toolkit for Problem Gamblers.pdf,pdf
Parts/Teaching Materials/Workshop 1/Resources/14. Financial Strategies for Loved Ones of Gamblers.pdf,pdf
Parts/Teaching Materials/Workshop 1/Resources/15. Dismantling the Poverty Trap Article.pdf,pdf
Parts/Teaching Materials/Workshop 1/Resources/16. Supplemental Poverty Measure.pdf,pdf
Parts/Teaching Materials/Workshop 1/Resources/2. How to Practice Mindfulness on a Budget.pdf,pdf
Parts/Teaching Materials/Workshop 1/Resources/3. How to Reduce Financial Stress.pdf,pdf
Parts/Teaching Materials/Workshop 1/Resources/4. Income Inequality in America.pdf,pdf
Parts/Teaching Materials/Workshop 1/Resources/5. Poverty in America Statistics.pdf,pdf
Parts/Teaching Materials/Workshop 1/Resources/6. Data Illustrating the Intersectional Nature of Poverty.pdf,pdf
Parts/Teaching Materials/Workshop 1/Resources/8. Race and the lack of intergenerational economic mobility in the US.pdf,pdf
Parts/Teaching Materials/Workshop 1/Resources/9. Displacement in Portland.pdf,pdf
Parts/Teaching Materials/Workshop 1/Resources/Workshop 1 Additional Resources.pdf,pdf
Parts/Teaching Materials/Workshop 10/Handouts/1. How To Save For Your Future.pdf,pdf
Parts/Teaching Materials/Workshop 10/Handouts/2. Individual Development Account Fact Sheet.pdf,pdf
Parts/Teaching Materials/Workshop 10/Handouts/3. IDA Basics & Resources.docx,docx
Parts/Teaching Materials/Workshop 10/Handouts/3. IDA Basics & Resources.pdf,pdf
Parts/Teaching Materials/Workshop 10/Handouts/Individual Development Accounts FAQs.pdf,pdf
Parts/Teaching Materials/Workshop 10/Handouts/Savings Tips.pdf,pdf
Parts/Teaching Materials/Workshop 10/Handouts/Workshop 10 Worksheets.docx,docx
Parts/Teaching Materials/Workshop 10/Handouts/Workshop 10 Worksheets.pdf,pdf
Parts/Teaching Materials/Workshop 10/Money Basics PPT Workshop 10.pptx,pptx
Parts/Teaching Materials/Workshop 10/Resources/1. ABLE Accounts.pdf,pdf
Parts/Teaching Materials/Workshop 10/Resources/2. Asset Building For Low-Income Families.docx,docx
Parts/Teaching Materials/Workshop 10/Resources/2. Asset Building For Low-Income Families.pdf,pdf
Parts/Teaching Materials/Workshop 10/Resources/3. 23 Easy Ways To Save Money.docx,docx
Parts/Teaching Materials/Workshop 10/Resources/3. 23 Easy Ways To Save Money.pdf,pdf
Parts/Teaching Materials/Workshop 10/Resources/4. How to Save Money On A Low Income.docx,docx
Parts/Teaching Materials/Workshop 10/Resources/4. How to Save Money On A Low Income.pdf,pdf
Parts/Teaching Materials/Workshop 10/Resources/5. A Beginner_s Guide to Saving Money.docx,docx
Parts/Teaching Materials/Workshop 10/Resources/5. A Beginner_s Guide to Saving Money.pdf,pdf
Parts/Teaching Materials/Workshop 10/Resources/Workshop 10 Additional Resources.docx,docx
Parts/Teaching Materials/Workshop 10/Resources/Workshop 10 Additional Resources.pdf,pdf
Parts/Teaching Materials/Workshop 11/Money Basics PPT Workshop 11.pptx,pptx
Parts/Teaching Materials/Workshop 2/Handouts/1. What is Person-Directed Planning.pdf,pdf
Parts/Teaching Materials/Workshop 2/Handouts/Workshop 2 Worksheets.docx,docx
Parts/Teaching Materials/Workshop 2/Handouts/Workshop 2 Worksheets.pdf,pdf
Parts/Teaching Materials/Workshop 2/Money Basics PPT Workshop 2.pptx,pptx
Parts/Teaching Materials/Workshop 2/Resources/1. Person-Centered Planning.docx,docx
Parts/Teaching Materials/Workshop 2/Resources/1. Person-Centered Planning.pdf,pdf
Parts/Teaching Materials/Workshop 2/Resources/2. Person-Centered Planning Tools.pdf,pdf
Parts/Teaching Materials/Workshop 2/Resources/Workshop 2 Additional Resources.docx,docx
Parts/Teaching Materials/Workshop 2/Resources/Workshop 2 Additional Resources.pdf,pdf
Parts/Teaching Materials/Workshop 3/Handouts/1. Budgeting Apps.docx,docx
Parts/Teaching Materials/Workshop 3/Handouts/1. Budgeting Apps.pdf,pdf
Parts/Teaching Materials/Workshop 3/Handouts/2. Budgeting Tips.pdf,pdf
Parts/Teaching Materials/Workshop 3/Handouts/3. Money Saving Resources Handout.docx,docx
Parts/Teaching Materials/Workshop 3/Handouts/3. Money Saving Resources Handout.pdf,pdf
Parts/Teaching Materials/Workshop 3/Handouts/Budget Worksheet 1.pdf,pdf
Parts/Teaching Materials/Workshop 3/Handouts/Budget Worksheet 2.pdf,pdf
Parts/Teaching Materials/Workshop 3/Handouts/Budget Worksheet 3.pdf,pdf
Parts/Teaching Materials/Workshop 3/Handouts/Budget Worksheet 4_ Income & Expenses.pdf,pdf
Parts/Teaching Materials/Workshop 3/Handouts/Fact-Sheet-Benefits-Counseling.pdf,pdf
Parts/Teaching Materials/Workshop 3/Handouts/Personal Balance Sheet.xlsx,xlsx
Parts/Teaching Materials/Workshop 3/Handouts/Personal Monthly Budget.xlsx,xlsx
Parts/Teaching Materials/Workshop 3/Handouts/Workshop 3 Worksheets.docx,docx
Parts/Teaching Materials/Workshop 3/Handouts/Workshop 3 Worksheets.pdf,pdf
Parts/Teaching Materials/Workshop 3/Money Basics PPT Workshop 3.pdf,pdf
Parts/Teaching Materials/Workshop 3/Money Basics PPT Workshop 3.pptx,pptx
Parts/Teaching Materials/Workshop 3/Resources/1. How to Make a Budget.docx,docx
Parts/Teaching Materials/Workshop 3/Resources/1. How to Make a Budget.pdf,pdf
Parts/Teaching Materials/Workshop 3/Resources/10.  How to Buy a House with Low Income.docx,docx
Parts/Teaching Materials/Workshop 3/Resources/10.  How to Buy a House with Low Income.docx.pdf,pdf
Parts/Teaching Materials/Workshop 3/Resources/11. How To File For SSDI Benefits If Homeless.docx,docx
Parts/Teaching Materials/Workshop 3/Resources/11. How To File For SSDI Benefits If Homeless.docx.pdf,pdf
Parts/Teaching Materials/Workshop 3/Resources/12. SSI Ticket to Work and PASS Accounts.pdf,pdf
Parts/Teaching Materials/Workshop 3/Resources/13. SSI Elibility Requirements and Asset Limits.docx,docx
Parts/Teaching Materials/Workshop 3/Resources/13. SSI Elibility Requirements and Asset Limits.docx.pdf,pdf
Parts/Teaching Materials/Workshop 3/Resources/2. Free Online Budgeting Tools.docx,docx
Parts/Teaching Materials/Workshop 3/Resources/2. Free Online Budgeting Tools.pdf,pdf
Parts/Teaching Materials/Workshop 3/Resources/25 Ways to Live on Less.pdf,pdf
Parts/Teaching Materials/Workshop 3/Resources/3. How to Create a Successful Budget.docx,docx
Parts/Teaching Materials/Workshop 3/Resources/3. How to Create a Successful Budget.pdf,pdf
Parts/Teaching Materials/Workshop 3/Resources/4. How to Create a Budget in Six Steps.pdf,pdf
Parts/Teaching Materials/Workshop 3/Resources/5. 190 Online Resources for Saving Money.pdf,pdf
Parts/Teaching Materials/Workshop 3/Resources/6. 10 Easy Ways to Save Money.docx,docx
Parts/Teaching Materials/Workshop 3/Resources/6. 10 Easy Ways to Save Money.docx.pdf,pdf
Parts/Teaching Materials/Workshop 3/Resources/7. 99 Great Ways to Save Money.pdf,pdf
Parts/Teaching Materials/Workshop 3/Resources/8. No-brainer Money-Saving Tips.docx,docx
Parts/Teaching Materials/Workshop 3/Resources/8. No-brainer Money-Saving Tips.pdf,pdf
Parts/Teaching Materials/Workshop 3/Resources/9. 11 Frugal Living Tips.docx,docx
Parts/Teaching Materials/Workshop 3/Resources/9. 11 Frugal Living Tips.pdf,pdf
Parts/Teaching Materials/Workshop 3/Resources/Guide to SSI.pdf,pdf
Parts/Teaching Materials/Workshop 3/Resources/The Social Security Administration Red Book (2020).pdf,pdf
Parts/Teaching Materials/Workshop 3/Resources/Tips for Family Money Management.pdf,pdf
Parts/Teaching Materials/Workshop 3/Resources/Tips for Successful Budgeting.pdf,pdf
Parts/Teaching Materials/Workshop 3/Resources/Workshop 3 Additional Resources.docx,docx
Parts/Teaching Materials/Workshop 3/Resources/Workshop 3 Additional Resources.pdf,pdf
Parts/Teaching Materials/Workshop 4/Handouts/1. Second Chance Checking Accounts.docx,docx
Parts/Teaching Materials/Workshop 4/Handouts/1. Second Chance Checking Accounts.docx.pdf,pdf
Parts/Teaching Materials/Workshop 4/Handouts/2. How to Avoid Bank Fees.pdf,pdf
Parts/Teaching Materials/Workshop 4/Handouts/3. How to Balance Your Checkbook.docx,docx
Parts/Teaching Materials/Workshop 4/Handouts/3. How to Balance Your Checkbook.docx.pdf,pdf
Parts/Teaching Materials/Workshop 4/Handouts/Check Writing Activity Cards.docx,docx
Parts/Teaching Materials/Workshop 4/Handouts/Check Writing Activity Cards.pdf,pdf
Parts/Teaching Materials/Workshop 4/Handouts/Check Writing Activity Instructions.docx,docx
Parts/Teaching Materials/Workshop 4/Handouts/Check Writing Activity Instructions.pdf,pdf
Parts/Teaching Materials/Workshop 4/Handouts/Practice Checks.pdf,pdf
Parts/Teaching Materials/Workshop 4/Handouts/Workshop 4 Worksheet.docx,docx
Parts/Teaching Materials/Workshop 4/Handouts/Workshop 4 Worksheet.pdf,pdf
Parts/Teaching Materials/Workshop 4/Money Basics PPT Workshop 4.pdf,pdf
Parts/Teaching Materials/Workshop 4/Money Basics PPT Workshop 4.pptx,pptx
Parts/Teaching Materials/Workshop 4/Resources/1. How to Open a Bank Account.docx,docx
Parts/Teaching Materials/Workshop 4/Resources/1. How to Open a Bank Account.pdf,pdf
Parts/Teaching Materials/Workshop 4/Resources/2. What to Consider When Opening a Bank Account.pdf,pdf
Parts/Teaching Materials/Workshop 4/Resources/3. How to Open a Checking Account With Bad Credit.docx,docx
Parts/Teaching Materials/Workshop 4/Resources/3. How to Open a Checking Account With Bad Credit.pdf,pdf
Parts/Teaching Materials/Workshop 4/Resources/4. Is Balancing Your Checkbook Still Important.docx,docx
Parts/Teaching Materials/Workshop 4/Resources/4. Is Balancing Your Checkbook Still Important.pdf,pdf
Parts/Teaching Materials/Workshop 4/Resources/5. Check Writing Tips.pdf,pdf
Parts/Teaching Materials/Workshop 4/Resources/6. Common Banking Fees.pdf,pdf
Parts/Teaching Materials/Workshop 4/Resources/How to Read a Check.pdf,pdf
Parts/Teaching Materials/Workshop 4/Resources/How to Write a Check.pdf,pdf
Parts/Teaching Materials/Workshop 4/Resources/Keeping a Check Register.pdf,pdf
Parts/Teaching Materials/Workshop 4/Resources/Why.Are.Credit.Unions.Different.Than.Banks.pdf,pdf
Parts/Teaching Materials/Workshop 4/Resources/Workshop 4 Additional Resources.docx,docx
Parts/Teaching Materials/Workshop 4/Resources/Workshop 4 Additional Resources.pdf,pdf
Parts/Teaching Materials/Workshop 5/Handouts/1. ATMs and ATM Safety.pdf,pdf
Parts/Teaching Materials/Workshop 5/Handouts/2. Best Online Banks of 2021.pdf,pdf
Parts/Teaching Materials/Workshop 5/Handouts/3. Options if You Can_t Open a Traditional Bank Account.docx,docx
Parts/Teaching Materials/Workshop 5/Handouts/3. Options if You Can_t Open a Traditional Bank Account.pdf,pdf
Parts/Teaching Materials/Workshop 5/Handouts/4. Common Phone Scams.pdf,pdf
Parts/Teaching Materials/Workshop 5/Handouts/5. How to Avoid Identity Scams.pdf,pdf
Parts/Teaching Materials/Workshop 5/Handouts/6. Help for Identity Theft.pdf,pdf
Parts/Teaching Materials/Workshop 5/Money Basics PPT Workshop 5.pptx,pptx
Parts/Teaching Materials/Workshop 5/Resources/1. What to Do if Your Debit Card is Lost or Stolen.pdf,pdf
Parts/Teaching Materials/Workshop 5/Resources/10. Online and Mobile Money Safety.pdf,pdf
Parts/Teaching Materials/Workshop 5/Resources/11. First Aid for Identity Theft.pdf,pdf
Parts/Teaching Materials/Workshop 5/Resources/12. How to Spot and Avoid Card Skimmers.docx,docx
Parts/Teaching Materials/Workshop 5/Resources/12. How to Spot and Avoid Card Skimmers.pdf,pdf
Parts/Teaching Materials/Workshop 5/Resources/13. IRS Tips for Protecting Your Identity.pdf,pdf
Parts/Teaching Materials/Workshop 5/Resources/14. Repairing Identity Theft.pdf,pdf
Parts/Teaching Materials/Workshop 5/Resources/15. What To Do if You_ve Been Scammed.pdf,pdf
Parts/Teaching Materials/Workshop 5/Resources/16. What is ATM Skimming.pdf,pdf
Parts/Teaching Materials/Workshop 5/Resources/2. Debit Card Safety Online.docx,docx
Parts/Teaching Materials/Workshop 5/Resources/2. Debit Card Safety Online.pdf,pdf
Parts/Teaching Materials/Workshop 5/Resources/3. Best Online Banks.pdf,pdf
Parts/Teaching Materials/Workshop 5/Resources/4. Alternatives to Traditional Banks.docx,docx
Parts/Teaching Materials/Workshop 5/Resources/4. Alternatives to Traditional Banks.pdf,pdf
Parts/Teaching Materials/Workshop 5/Resources/5. Pros and Cons of Internet Banks.docx,docx
Parts/Teaching Materials/Workshop 5/Resources/5. Pros and Cons of Internet Banks.pdf,pdf
Parts/Teaching Materials/Workshop 5/Resources/6. What are Credit Unions.pdf,pdf
"Parts/Teaching Materials/Workshop 5/Resources/7. Online Banking Definition, Pros and Cons.docx",docx
"Parts/Teaching Materials/Workshop 5/Resources/7. Online Banking Definition, Pros and Cons.pdf",pdf
Parts/Teaching Materials/Workshop 5/Resources/8. Things to Consider When Choosing an Online Bank.docx,docx
Parts/Teaching Materials/Workshop 5/Resources/8. Things to Consider When Choosing an Online Bank.pdf,pdf
Parts/Teaching Materials/Workshop 5/Resources/9. List of Virtual Banks and Their Benefits.pdf,pdf
Parts/Teaching Materials/Workshop 5/Resources/ATM Safety Scenarios.docx,docx
Parts/Teaching Materials/Workshop 5/Resources/ATM Safety Scenarios.pdf,pdf
Parts/Teaching Materials/Workshop 5/Resources/Internet.Banking.Safety.Tips.pdf,pdf
Parts/Teaching Materials/Workshop 5/Resources/Safe Virtual Banking.pdf,pdf
Parts/Teaching Materials/Workshop 5/Resources/Workshop 5 Additional Resources.pdf,pdf
Parts/Teaching Materials/Workshop 6/Handouts/1. How Does Credit Work.pdf,pdf
Parts/Teaching Materials/Workshop 6/Handouts/2. Debunking Smart Credit Myths.pdf,pdf
Parts/Teaching Materials/Workshop 6/Handouts/3. How To Improve Your Credit Score.pdf,pdf
Parts/Teaching Materials/Workshop 6/Handouts/4. Definition and Examples of Predatory Lending.pdf,pdf
Parts/Teaching Materials/Workshop 6/Handouts/Avoiding.Dangerous.Loans.pdf,pdf
Parts/Teaching Materials/Workshop 6/Handouts/Credit Card FAQs.pdf,pdf
Parts/Teaching Materials/Workshop 6/Handouts/Credit Card Fact or Fiction Game.docx,docx
Parts/Teaching Materials/Workshop 6/Handouts/How.to.Spot.Predatory.Lending.pdf,pdf
Parts/Teaching Materials/Workshop 6/Money Basics PPT Workshop 6.pptx,pptx
Parts/Teaching Materials/Workshop 6/Resources/1. How Credit Scores Work.docx,docx
Parts/Teaching Materials/Workshop 6/Resources/1. How Credit Scores Work.pdf,pdf
Parts/Teaching Materials/Workshop 6/Resources/10. Student Loan Settlements.pdf,pdf
Parts/Teaching Materials/Workshop 6/Resources/11 How to Get a Good Deal on your First Car Loan.pdf,pdf
Parts/Teaching Materials/Workshop 6/Resources/12. What To Know About Payday and Car Title Loans.pdf,pdf
Parts/Teaching Materials/Workshop 6/Resources/13. Predatory Lending Practices.pdf,pdf
Parts/Teaching Materials/Workshop 6/Resources/14. What Is Predatory Mortgage Lending.pdf,pdf
Parts/Teaching Materials/Workshop 6/Resources/15. How to Ask for a Lower Credit Card Interest Rate.pdf,pdf
Parts/Teaching Materials/Workshop 6/Resources/16. How to Get the Best Car Loan.docx,docx
Parts/Teaching Materials/Workshop 6/Resources/16. How to Get the Best Car Loan.pdf,pdf
Parts/Teaching Materials/Workshop 6/Resources/17. Interest Rates and Student Loans.pdf,pdf
Parts/Teaching Materials/Workshop 6/Resources/18. Why Payday Loans Can Be Costly.docx,docx
Parts/Teaching Materials/Workshop 6/Resources/18. Why Payday Loans Can Be Costly.pdf,pdf
Parts/Teaching Materials/Workshop 6/Resources/19. Predatory Lending and Mortgages.pdf,pdf
Parts/Teaching Materials/Workshop 6/Resources/2. How to Choose a Credit Card.docx,docx
Parts/Teaching Materials/Workshop 6/Resources/2. How to Choose a Credit Card.pdf,pdf
Parts/Teaching Materials/Workshop 6/Resources/3. Little-Known Facts About Your Credit Card.pdf,pdf
Parts/Teaching Materials/Workshop 6/Resources/4. How to Raise a Low Credit Score.docx,docx
Parts/Teaching Materials/Workshop 6/Resources/4. How to Raise a Low Credit Score.pdf,pdf
Parts/Teaching Materials/Workshop 6/Resources/5. Best Credit Cards for Rebuilding Bad Credit.pdf,pdf
Parts/Teaching Materials/Workshop 6/Resources/6. What You Should Know About Credit Card Interest Rates.docx,docx
Parts/Teaching Materials/Workshop 6/Resources/6. What You Should Know About Credit Card Interest Rates.pdf,pdf
Parts/Teaching Materials/Workshop 6/Resources/7. Spotting Credit Repair Scams.pdf,pdf
Parts/Teaching Materials/Workshop 6/Resources/8. How to Get Preapproved for a Loan.docx,docx
Parts/Teaching Materials/Workshop 6/Resources/8. How to Get Preapproved for a Loan.pdf,pdf
Parts/Teaching Materials/Workshop 6/Resources/9. Credit Unions and Car Loans.pdf,pdf
Parts/Teaching Materials/Workshop 6/Resources/Building.a.Better.Credit.Report.pdf,pdf
Parts/Teaching Materials/Workshop 6/Resources/Difference.Between.Fixed.and.Variable.Interest.Rates.pdf,pdf
Parts/Teaching Materials/Workshop 6/Resources/How.Credit.Cards.Work.Discover.pdf,pdf
Parts/Teaching Materials/Workshop 6/Resources/Predatory Lending- Payday Loans.pdf .pdf,pdf
Parts/Teaching Materials/Workshop 6/Resources/Reading.Your.Credit.Card.Bill.pdf,pdf
Parts/Teaching Materials/Workshop 6/Resources/Understanding.Loan.Interest.pdf,pdf
Parts/Teaching Materials/Workshop 6/Resources/Workshop 6 Additional Resources.docx,docx
Parts/Teaching Materials/Workshop 6/Resources/Workshop 6 Additional Resources.pdf,pdf
Parts/Teaching Materials/Workshop 7/Handouts/1. Debt and Mental Health.pdf,pdf
Parts/Teaching Materials/Workshop 7/Handouts/2. How to Cope with Debt.pdf,pdf
Parts/Teaching Materials/Workshop 7/Handouts/3. Debt Collection FAQs.pdf,pdf
Parts/Teaching Materials/Workshop 7/Handouts/4. How to Create a Debt Elimination Plan.docx,docx
Parts/Teaching Materials/Workshop 7/Handouts/4. How to Create a Debt Elimination Plan.pdf,pdf
Parts/Teaching Materials/Workshop 7/Handouts/Workshop 7 Worksheets.docx,docx
Parts/Teaching Materials/Workshop 7/Handouts/Workshop 7 Worksheets.pdf,pdf
Parts/Teaching Materials/Workshop 7/Money Basics PPT Workshop 7.pptx,pptx
Parts/Teaching Materials/Workshop 7/Resources/1. The Emotional Effects of Debt.pdf,pdf
Parts/Teaching Materials/Workshop 7/Resources/2. How Debt Affects Your Health.docx,docx
Parts/Teaching Materials/Workshop 7/Resources/2. How Debt Affects Your Health.pdf,pdf
Parts/Teaching Materials/Workshop 7/Resources/3. The Effect of Debt Problems on People_s Health.pdf,pdf
Parts/Teaching Materials/Workshop 7/Resources/4. Deciding Between Debt Relief or Bankruptcy.pdf,pdf
Parts/Teaching Materials/Workshop 7/Resources/5. Filing for Bankrupcty Without an Attorney.pdf,pdf
Parts/Teaching Materials/Workshop 7/Resources/6. How Bankrupcty Can Affect Your Mental Health.pdf,pdf
Parts/Teaching Materials/Workshop 7/Resources/7. Understanding Bankruptcy.pdf,pdf
Parts/Teaching Materials/Workshop 7/Resources/8. 73 Tips for Eliminating Debt.docx,docx
Parts/Teaching Materials/Workshop 7/Resources/8. 73 Tips for Eliminating Debt.pdf,pdf
Parts/Teaching Materials/Workshop 7/Resources/9. 5 Ways to Get out of Debt.docx,docx
Parts/Teaching Materials/Workshop 7/Resources/9. 5 Ways to Get out of Debt.pdf,pdf
Parts/Teaching Materials/Workshop 7/Resources/Workshop 7 Additional Resources.docx,docx
Parts/Teaching Materials/Workshop 7/Resources/Workshop 7 Additional Resources.pdf,pdf
Parts/Teaching Materials/Workshop 8/Handouts/1. The 2 Way Connnection Between Poverty and Mental Health Issues.pdf,pdf
Parts/Teaching Materials/Workshop 8/Handouts/2. Tips for Talking With Your Partner About Finances.docx,docx
Parts/Teaching Materials/Workshop 8/Handouts/2. Tips for Talking With Your Partner About Finances.pdf,pdf
Parts/Teaching Materials/Workshop 8/Handouts/3. Steps to Healthy Finances in Your Relationship.pdf,pdf
Parts/Teaching Materials/Workshop 8/Handouts/4. Understanding Representative Payees.pdf,pdf
Parts/Teaching Materials/Workshop 8/Handouts/5. When a Representative Payee Manages Your Money.pdf,pdf
Parts/Teaching Materials/Workshop 8/Handouts/6. Understanding Financial Abuse & Safety Planning.docx,docx
Parts/Teaching Materials/Workshop 8/Handouts/6. Understanding Financial Abuse & Safety Planning.pdf,pdf
Parts/Teaching Materials/Workshop 8/Handouts/7. Information and Services for Survivors.pdf,pdf
Parts/Teaching Materials/Workshop 8/Handouts/FAQ.Representative.Payees.pdf,pdf
Parts/Teaching Materials/Workshop 8/Handouts/Financial Abuse FAQs.pdf,pdf
Parts/Teaching Materials/Workshop 8/Handouts/Financial Abuse Fact Sheet.pdf,pdf
Parts/Teaching Materials/Workshop 8/Handouts/Workshop 8 Worksheets.docx,docx
Parts/Teaching Materials/Workshop 8/Handouts/Workshop 8 Worksheets.pdf,pdf
Parts/Teaching Materials/Workshop 8/Money Basics PPT Workshop 8.pptx,pptx
Parts/Teaching Materials/Workshop 8/Resources/1. Mental Health and Money.pdf,pdf
Parts/Teaching Materials/Workshop 8/Resources/10. Poverty and Poor Health Worldwide.pdf,pdf
Parts/Teaching Materials/Workshop 8/Resources/11. How to Talk to Your Partner About Money.docx,docx
Parts/Teaching Materials/Workshop 8/Resources/11. How to Talk to Your Partner About Money.pdf,pdf
Parts/Teaching Materials/Workshop 8/Resources/12. Money Problems and Relationship Problems.pdf,pdf
Parts/Teaching Materials/Workshop 8/Resources/13. How to Prevent Arguments About Money.pdf,pdf
Parts/Teaching Materials/Workshop 8/Resources/14. How to Talk to Your Spouse About Money.pdf,pdf
Parts/Teaching Materials/Workshop 8/Resources/15. Common Financially Abusive Behaviors.pdf,pdf
Parts/Teaching Materials/Workshop 8/Resources/16. How to Spot Financial Abuse of an Elder.docx,docx
Parts/Teaching Materials/Workshop 8/Resources/16. How to Spot Financial Abuse of an Elder.pdf,pdf
Parts/Teaching Materials/Workshop 8/Resources/18. Tackling social inequalities to reduce mental health problems.pdf,pdf
"Parts/Teaching Materials/Workshop 8/Resources/2. Poverty, Social Inequality and Mental Health.pdf",pdf
Parts/Teaching Materials/Workshop 8/Resources/3. Recovering Your Finances After Rehab.pdf,pdf
Parts/Teaching Materials/Workshop 8/Resources/4. The Poverty Mindset.pdf,pdf
Parts/Teaching Materials/Workshop 8/Resources/5. FAQs on Problem Gambling.pdf,pdf
Parts/Teaching Materials/Workshop 8/Resources/6. Resources for Problem Gambling.pdf,pdf
Parts/Teaching Materials/Workshop 8/Resources/7. Income Inequality and Health Care.docx,docx
Parts/Teaching Materials/Workshop 8/Resources/7. Income Inequality and Health Care.pdf,pdf
Parts/Teaching Materials/Workshop 8/Resources/8. How to Avoid the Health Risks that Come from Financial Stress.docx,docx
Parts/Teaching Materials/Workshop 8/Resources/8. How to Avoid the Health Risks that Come from Financial Stress.pdf,pdf
Parts/Teaching Materials/Workshop 8/Resources/9. Poverty_s Effect on Children_s Health.pdf,pdf
Parts/Teaching Materials/Workshop 8/Resources/Effects of Childhood Poverty.pdf,pdf
Parts/Teaching Materials/Workshop 8/Resources/Financial Abuse and Rebuilding your Finances.pdf,pdf
Parts/Teaching Materials/Workshop 8/Resources/Money.Smart.for.Older.Adults.Prevent.Financial.Exploitation.pdf,pdf
Parts/Teaching Materials/Workshop 8/Resources/Poverty and Health.pdf,pdf
Parts/Teaching Materials/Workshop 8/Resources/Statistics on Mental Illness and Poverty.pdf,pdf
Parts/Teaching Materials/Workshop 8/Resources/Workshop 8 Additional Resources.docx,docx
Parts/Teaching Materials/Workshop 8/Resources/Workshop 8 Additional Resources.pdf,pdf
Parts/Teaching Materials/Workshop 9/Handouts/1. IRS Tips to Take the Stress out of Tax Season.pdf,pdf
Parts/Teaching Materials/Workshop 9/Handouts/2. IRS Free File.pdf,pdf
Parts/Teaching Materials/Workshop 9/Handouts/3. 6 Steps for First-Time Tax Filers.pdf,pdf
Parts/Teaching Materials/Workshop 9/Handouts/4. The Three Basic Tax Types.pdf,pdf
Parts/Teaching Materials/Workshop 9/Handouts/5. Credits & Deductions.pdf,pdf
Parts/Teaching Materials/Workshop 9/Handouts/6. Common Tax Write-Offs You Can Claim.pdf,pdf
Parts/Teaching Materials/Workshop 9/Handouts/Who Qualifies for the Earned Income Tax Credit (EITC) _ Internal Revenue Service.pdf,pdf
Parts/Teaching Materials/Workshop 9/Money Basics PPT Workshop 9.pptx,pptx
Parts/Teaching Materials/Workshop 9/Resources/1. What to Know About How to File Taxes.docx,docx
Parts/Teaching Materials/Workshop 9/Resources/1. What to Know About How to File Taxes.pdf,pdf
Parts/Teaching Materials/Workshop 9/Resources/2. How to Cope with Tax Season Stress.docx,docx
Parts/Teaching Materials/Workshop 9/Resources/2. How to Cope with Tax Season Stress.pdf,pdf
Parts/Teaching Materials/Workshop 9/Resources/3. How to File Your Taxes.pdf,pdf
Parts/Teaching Materials/Workshop 9/Resources/4. Tax Basics.pdf,pdf
Parts/Teaching Materials/Workshop 9/Resources/5. Why We Pay Taxes.pdf,pdf
Parts/Teaching Materials/Workshop 9/Resources/6. Regressive Vs. Progressive Taxes.docx,docx
Parts/Teaching Materials/Workshop 9/Resources/6. Regressive Vs. Progressive Taxes.pdf,pdf
Parts/Teaching Materials/Workshop 9/Resources/7. Federal Tax Revenue.pdf,pdf
Parts/Teaching Materials/Workshop 9/Resources/Form 1040.pdf,pdf
Parts/Teaching Materials/Workshop 9/Resources/Workshop 9 Additional Resources.docx,docx
Parts/Teaching Materials/Workshop 9/Resources/Workshop 9 Additional Resources.pdf,pdf
Whole/Module 0/MB_FTS_ 0.docx,docx
Whole/Module 1/Course Introduction/Creating Community Agreements.pdf,pdf
Whole/Module 1/Course Introduction/Developing Community Agreements.pdf,pdf
Whole/Module 1/Course Introduction/Trauma-Informed-Care-in-the-Classroom.pdf,pdf
Whole/Module 1/Course Introduction/Workshop 01 - Introduction.pdf,pdf
Whole/Module 1/MB_FTS_ 1.docx,docx
Whole/Module 1/Money Basics PPT Workshop 1.pdf,pdf
Whole/Module 1/Money Basics PPT Workshop 1.pptx,pptx
Whole/Module 1/OR_WorkSystemsPresentation_20211006.pptx,pptx
Whole/Module 1/SG:FG/W1_FG copy.pdf,pdf
Whole/Module 1/SG:FG/W1_FG.pdf,pdf
Whole/Module 1/SG:FG/W1_SG.pdf,pdf
Whole/Module 1/Visuals/2-768x512.jpg,jpg
Whole/Module 1/Visuals/Wheel of Privilege and Power.png,png
Whole/Module 1/Visuals/equity-apple-tree-1024x575.jpg,jpg
Whole/Module 1/Visuals/poverty_intersectionality_privilege_excerpt.html,html
Whole/Module 1/Visuals/workshop packet image.png,png
Whole/Module 1/WS1 Handouts/1. Poverty and Hunger in America.pdf,pdf
Whole/Module 1/WS1 Handouts/2. Steps Toward Financial Resilience.pdf,pdf
Whole/Module 1/WS1 Handouts/3. Poverty and Intersectionality in Oregon.pdf,pdf
Whole/Module 1/WS1 Handouts/4. Hidden Rules Among Classes.pdf,pdf
Whole/Module 1/WS1 Handouts/5. How Poverty is Measured in the US.pdf,pdf
Whole/Module 1/WS1 Handouts/6. The _American Dream_ of upward mobility is broken.pdf,pdf
Whole/Module 1/WS1 Handouts/7. White Privilege Invisible Knapsack.pdf,pdf
Whole/Module 1/WS1 Handouts/Financial Literacy & African Americans_ Bridging the Gap.pdf,pdf
Whole/Module 1/WS1 Handouts/SSS_BudgetWorksheet_052023.pdf,pdf
Whole/Module 1/WS1 Handouts/Workshop 1 Worksheets (extra).pdf,pdf
Whole/Module 1/WS1 Handouts/Workshop 1 Worksheets.pdf,pdf
Whole/Module 1/WS1 Resources/12. FAQs on Problem Gambling.pdf,pdf
Whole/Module 1/WS1 Resources/13. Financial Toolkit for Problem Gamblers.pdf,pdf
Whole/Module 1/WS1 Resources/14. Financial Strategies for Loved Ones of Gamblers.pdf,pdf
Whole/Module 1/WS1 Resources/16. Supplemental Poverty Measure.pdf,pdf
Whole/Module 1/WS1 Resources/Behavioral Health and Mindfulness/1. Tips for Managing Money When You Live With Mental Health Challenges.pdf,pdf
Whole/Module 1/WS1 Resources/Behavioral Health and Mindfulness/2. How to Practice Mindfulness on a Budget.pdf,pdf
Whole/Module 1/WS1 Resources/Behavioral Health and Mindfulness/3. How to Reduce Financial Stress.pdf,pdf
"Whole/Module 1/WS1 Resources/Poverty, Intersectionality, Social Justice/10. Brief History of Race, Racism & Colonialism.pdf",pdf
"Whole/Module 1/WS1 Resources/Poverty, Intersectionality, Social Justice/11. Unaffordable America. Poverty, Housing and Eviction.pdf",pdf
"Whole/Module 1/WS1 Resources/Poverty, Intersectionality, Social Justice/15. Dismantling the Poverty Trap Article.pdf",pdf
"Whole/Module 1/WS1 Resources/Poverty, Intersectionality, Social Justice/4. Income Inequality in America.pdf",pdf
"Whole/Module 1/WS1 Resources/Poverty, Intersectionality, Social Justice/5. Poverty in America Statistics.pdf",pdf
"Whole/Module 1/WS1 Resources/Poverty, Intersectionality, Social Justice/6. Data Illustrating the Intersectional Nature of Poverty.pdf",pdf
"Whole/Module 1/WS1 Resources/Poverty, Intersectionality, Social Justice/8. Race and the lack of intergenerational economic mobility in the US.pdf",pdf
"Whole/Module 1/WS1 Resources/Poverty, Intersectionality, Social Justice/9. Displacement in Portland.pdf",pdf
Whole/Module 1/WS1 Resources/Workshop 01 - Introduction.pdf,pdf
Whole/Module 1/WS1 Resources/Workshop 1 Additional Resources.pdf,pdf
Whole/Module 1/Worksheets/Individual Course Goals.pdf,pdf
Whole/Module 1/Worksheets/Money Savings Ideas and Trackers.pdf,pdf
Whole/Module 1/~$_FTS_ 1.docx,docx
Whole/Module 10/23 Easy Ways To Save Money.docx,docx
Whole/Module 10/A Beginner_s Guide to Saving Money.docx,docx
Whole/Module 10/Asset Building For Low-Income Families.docx,docx
Whole/Module 10/Facilitator Guide/Sections/Asset_Building_Facilitator.pdf,pdf
Whole/Module 10/Facilitator Guide/Sections/Individual_Development_Accounts_Facilitator.pdf,pdf
Whole/Module 10/Facilitator Guide/Sections/Retirement_Plans_and_Investments_Facilitator.pdf,pdf
Whole/Module 10/Facilitator Guide/Sections/Saving Money w: Limited Resources.pdf,pdf
Whole/Module 10/Facilitator Guide/Sections/Savings_Accounts_Facilitator.pdf,pdf
Whole/Module 10/Facilitator Guide/Sections/Savings_Goals_Facilitator.pdf,pdf
Whole/Module 10/HO PNGs/3. IDA Basics & Resources.png,png
Whole/Module 10/How to Save Money On A Low Income.docx,docx
Whole/Module 10/IDA Basics & Resources.docx,docx
Whole/Module 10/MB_FTS_ 10.docx,docx
Whole/Module 10/Module 10 Additional Resources.docx,docx
Whole/Module 10/Sections ( PDF )/Savings_Accounts.pdf,pdf
Whole/Module 10/Student_Guide/Workshop_10/PDFs/pg1.pdf,pdf
Whole/Module 10/Student_Guide/Workshop_10/PDFs/pg10.pdf,pdf
Whole/Module 10/Student_Guide/Workshop_10/PDFs/pg11.pdf,pdf
Whole/Module 10/Student_Guide/Workshop_10/PDFs/pg12.pdf,pdf
Whole/Module 10/Student_Guide/Workshop_10/PDFs/pg13.pdf,pdf
Whole/Module 10/Student_Guide/Workshop_10/PDFs/pg14.pdf,pdf
Whole/Module 10/Student_Guide/Workshop_10/PDFs/pg2.pdf,pdf
Whole/Module 10/Student_Guide/Workshop_10/PDFs/pg3.pdf,pdf
Whole/Module 10/Student_Guide/Workshop_10/PDFs/pg4.pdf,pdf
Whole/Module 10/Student_Guide/Workshop_10/PDFs/pg5.pdf,pdf
Whole/Module 10/Student_Guide/Workshop_10/PDFs/pg6.pdf,pdf
Whole/Module 10/Student_Guide/Workshop_10/PDFs/pg7.pdf,pdf
Whole/Module 10/Student_Guide/Workshop_10/PDFs/pg8.pdf,pdf
Whole/Module 10/Student_Guide/Workshop_10/PDFs/pg9.pdf,pdf
Whole/Module 10/Student_Guide/Workshop_10/PNGs/pg1.png,png
Whole/Module 10/Student_Guide/Workshop_10/PNGs/pg10.png,png
Whole/Module 10/Student_Guide/Workshop_10/PNGs/pg11.png,png
Whole/Module 10/Student_Guide/Workshop_10/PNGs/pg12.png,png
Whole/Module 10/Student_Guide/Workshop_10/PNGs/pg13.png,png
Whole/Module 10/Student_Guide/Workshop_10/PNGs/pg14.png,png
Whole/Module 10/Student_Guide/Workshop_10/PNGs/pg2.png,png
Whole/Module 10/Student_Guide/Workshop_10/PNGs/pg3.png,png
Whole/Module 10/Student_Guide/Workshop_10/PNGs/pg4.png,png
Whole/Module 10/Student_Guide/Workshop_10/PNGs/pg5.png,png
Whole/Module 10/Student_Guide/Workshop_10/PNGs/pg6.png,png
Whole/Module 10/Student_Guide/Workshop_10/PNGs/pg7.png,png
Whole/Module 10/Student_Guide/Workshop_10/PNGs/pg8.png,png
Whole/Module 10/Student_Guide/Workshop_10/PNGs/pg9.png,png
Whole/Module 10/Student_Guide/Workshop_10/Sections/PDF/Asset_Building_Student.pdf,pdf
Whole/Module 10/Student_Guide/Workshop_10/Sections/PDF/Creating_a_Savings_Plan_Student.pdf,pdf
Whole/Module 10/Student_Guide/Workshop_10/Sections/PDF/Different_Kinds_of_Savings_Accounts_Student.pdf,pdf
Whole/Module 10/Visuals/Budgeting Table.png,png
Whole/Module 10/Visuals/IDAs.png,png
Whole/Module 10/Visuals/Savings Activity_Jars.png,png
Whole/Module 10/Visuals/money trees.png,png
Whole/Module 10/Workshop 10 - Savings Accounts & Goals.pdf,pdf
Whole/Module 10/Workshop 10 - Savings Accounts & Savings Goals copy.pdf,pdf
Whole/Module 10/Workshop 10 - Savings Accounts & Savings Goals.pdf,pdf
Whole/Module 10/Workshop_10.zip,zip
Whole/Module 11/Workshop 11 - Course Graduation.pdf,pdf
Whole/Module 2/MB_FTS_ 2.docx,docx
Whole/Module 2/Module 2 Additional Resources.docx,docx
Whole/Module 2/Person-Centered Planning.docx,docx
Whole/Module 2/Workshop 02 - Setting Financial Goals.pdf,pdf
Whole/Module 3/10 Easy Ways to Save Money.docx,docx
Whole/Module 3/11 Frugal Living Tips.docx,docx
Whole/Module 3/5 No-brainer Money-Saving Tips.docx,docx
Whole/Module 3/Budgeting Apps.docx,docx
Whole/Module 3/How To File For Social Security Disability Benefits If Homeless.docx,docx
Whole/Module 3/How to Buy a House with Low Income.docx,docx
Whole/Module 3/How to Make a Budget.docx,docx
Whole/Module 3/MB Money Saving Resources Handout.docx,docx
Whole/Module 3/MB_FTS_ 3.docx,docx
Whole/Module 3/Module 3 Additional Resources.docx,docx
Whole/Module 3/Online Budgeting Tools.docx,docx
Whole/Module 3/SSI Elibility Requirements and Asset Limits.docx,docx
Whole/Module 3/What Makes for a Successful Budget.docx,docx
Whole/Module 3/Workshop 03 - Creating a Budget.pdf,pdf
Whole/Module 3/~$_FTS_ 3.docx,docx
Whole/Module 4/How to Balance Your Checkbook.docx,docx
Whole/Module 4/How to Open a Bank Account.docx,docx
Whole/Module 4/How to Open a Bank Checking Account With Bad Credit.docx,docx
Whole/Module 4/MB_FTS_ 4.docx,docx
Whole/Module 4/Module 4 Additional Resources.docx,docx
Whole/Module 4/Second Chance Checking Accounts.docx,docx
Whole/Module 4/Why Balancing Your Checkbook is Important.docx,docx
Whole/Module 4/Workshop 04 - Banking Basics.pdf,pdf
Whole/Module 4/check_writing_activity/20251212_102840.jpg,jpg
Whole/Module 4/check_writing_activity/20251212_102853.jpg,jpg
Whole/Module 4/check_writing_activity/20251212_102910.jpg,jpg
Whole/Module 4/check_writing_activity/20251212_102915.jpg,jpg
Whole/Module 4/module4photos.zip,zip
Whole/Module 5/Handouts/1. ATMs and ATM Safety.pdf,pdf
Whole/Module 5/Handouts/2. Best Online Banks of 2021.pdf,pdf
Whole/Module 5/Handouts/3. Options if You Can_t Open a Traditional Bank Account.docx,docx
Whole/Module 5/Handouts/3. Options if You Can_t Open a Traditional Bank Account.pdf,pdf
Whole/Module 5/Handouts/4. Common Phone Scams.pdf,pdf
Whole/Module 5/Handouts/5. How to Avoid Identity Scams.pdf,pdf
Whole/Module 5/Handouts/6. Help for Identity Theft.pdf,pdf
Whole/Module 5/Resources/1. What to Do if Your Debit Card is Lost or Stolen.pdf,pdf
Whole/Module 5/Resources/10. Online and Mobile Money Safety.pdf,pdf
Whole/Module 5/Resources/11. First Aid for Identity Theft.pdf,pdf
Whole/Module 5/Resources/12. How to Spot and Avoid Card Skimmers.docx,docx
Whole/Module 5/Resources/12. How to Spot and Avoid Card Skimmers.pdf,pdf
Whole/Module 5/Resources/13. IRS Tips for Protecting Your Identity.pdf,pdf
Whole/Module 5/Resources/14. Repairing Identity Theft.pdf,pdf
Whole/Module 5/Resources/15. What To Do if You_ve Been Scammed.pdf,pdf
Whole/Module 5/Resources/16. What is ATM Skimming.pdf,pdf
Whole/Module 5/Resources/2. Debit Card Safety Online.docx,docx
Whole/Module 5/Resources/2. Debit Card Safety Online.pdf,pdf
Whole/Module 5/Resources/3. Best Online Banks.pdf,pdf
Whole/Module 5/Resources/4. Alternatives to Traditional Banks.docx,docx
Whole/Module 5/Resources/4. Alternatives to Traditional Banks.pdf,pdf
Whole/Module 5/Resources/5. Pros and Cons of Internet Banks.docx,docx
Whole/Module 5/Resources/5. Pros and Cons of Internet Banks.pdf,pdf
Whole/Module 5/Resources/6. What are Credit Unions.pdf,pdf
"Whole/Module 5/Resources/7. Online Banking Definition, Pros and Cons.docx",docx
"Whole/Module 5/Resources/7. Online Banking Definition, Pros and Cons.pdf",pdf
Whole/Module 5/Resources/8. Things to Consider When Choosing an Online Bank.docx,docx
Whole/Module 5/Resources/8. Things to Consider When Choosing an Online Bank.pdf,pdf
Whole/Module 5/Resources/9. List of Virtual Banks and Their Benefits.pdf,pdf
Whole/Module 5/Resources/ATM Safety Scenarios.docx,docx
Whole/Module 5/Resources/ATM Safety Scenarios.pdf,pdf
Whole/Module 5/Resources/Internet.Banking.Safety.Tips.pdf,pdf
Whole/Module 5/Resources/Safe Virtual Banking.pdf,pdf
Whole/Module 5/Resources/Workshop 5 Additional Resources.pdf,pdf
Whole/Module 5/WSP_5_FG .pdf,pdf
Whole/Module 5/WSP_5_FT.docx,docx
Whole/Module 5/manifest.txt,txt
Whole/Module 6/How Credit Scores Work.docx,docx
Whole/Module 6/How to Choose a Credit Card.docx,docx
Whole/Module 6/How to Get Preapproved for a Loan.docx,docx
Whole/Module 6/How to Get the Best Car Loan.docx,docx
Whole/Module 6/How to Raise a Low Credit Score.docx,docx
Whole/Module 6/MB_FTS_ 6.docx,docx
Whole/Module 6/Module 6 Additional Resources.docx,docx
Whole/Module 6/What You Should Know About Credit Card Interest Rates.docx,docx
Whole/Module 6/Why Payday Loans Can Be Costly.docx,docx
Whole/Module 6/Workshop 06 - Credit & Loans.pdf,pdf
Whole/Module 6/manifest.txt,txt
Whole/Module 7/5 Ways to Get out of Debt.docx,docx
Whole/Module 7/73 Tips for Eliminating Debt.docx,docx
Whole/Module 7/How to Create a Debt Elimination Plan.docx,docx
Whole/Module 7/MB_FTS_ 7.docx,docx
Whole/Module 7/MB_FTS_ 7.pdf,pdf
Whole/Module 7/Module 7 Additional Resources.docx,docx
Whole/Module 7/The Effects of Debt on Your Health.docx,docx
Whole/Module 7/Workshop 07 - Debt & Tools.pdf,pdf
Whole/Module 7/Workshop_07/Facilitator_Guide/Workshop_07/PDFs/pg1.pdf,pdf
Whole/Module 7/Workshop_07/Facilitator_Guide/Workshop_07/PDFs/pg2.pdf,pdf
Whole/Module 7/Workshop_07/Facilitator_Guide/Workshop_07/PDFs/pg3.pdf,pdf
Whole/Module 7/Workshop_07/Facilitator_Guide/Workshop_07/PDFs/pg4.pdf,pdf
Whole/Module 7/Workshop_07/Facilitator_Guide/Workshop_07/PDFs/pg5.pdf,pdf
Whole/Module 7/Workshop_07/Facilitator_Guide/Workshop_07/PDFs/pg6.pdf,pdf
Whole/Module 7/Workshop_07/Facilitator_Guide/Workshop_07/PDFs/pg7.pdf,pdf
Whole/Module 7/Workshop_07/Facilitator_Guide/Workshop_07/PNGs/pg1.png,png
Whole/Module 7/Workshop_07/Facilitator_Guide/Workshop_07/PNGs/pg2.png,png
Whole/Module 7/Workshop_07/Facilitator_Guide/Workshop_07/PNGs/pg3.png,png
Whole/Module 7/Workshop_07/Facilitator_Guide/Workshop_07/PNGs/pg4.png,png
Whole/Module 7/Workshop_07/Facilitator_Guide/Workshop_07/PNGs/pg5.png,png
Whole/Module 7/Workshop_07/Facilitator_Guide/Workshop_07/PNGs/pg6.png,png
Whole/Module 7/Workshop_07/Facilitator_Guide/Workshop_07/PNGs/pg7.png,png
Whole/Module 7/Workshop_07/Student_Guide/Workshop_07/PDFs/pg1.pdf,pdf
Whole/Module 7/Workshop_07/Student_Guide/Workshop_07/PDFs/pg10.pdf,pdf
Whole/Module 7/Workshop_07/Student_Guide/Workshop_07/PDFs/pg11.pdf,pdf
Whole/Module 7/Workshop_07/Student_Guide/Workshop_07/PDFs/pg12.pdf,pdf
Whole/Module 7/Workshop_07/Student_Guide/Workshop_07/PDFs/pg13.pdf,pdf
Whole/Module 7/Workshop_07/Student_Guide/Workshop_07/PDFs/pg14.pdf,pdf
Whole/Module 7/Workshop_07/Student_Guide/Workshop_07/PDFs/pg15.pdf,pdf
Whole/Module 7/Workshop_07/Student_Guide/Workshop_07/PDFs/pg2.pdf,pdf
Whole/Module 7/Workshop_07/Student_Guide/Workshop_07/PDFs/pg3.pdf,pdf
Whole/Module 7/Workshop_07/Student_Guide/Workshop_07/PDFs/pg4.pdf,pdf
Whole/Module 7/Workshop_07/Student_Guide/Workshop_07/PDFs/pg5.pdf,pdf
Whole/Module 7/Workshop_07/Student_Guide/Workshop_07/PDFs/pg6.pdf,pdf
Whole/Module 7/Workshop_07/Student_Guide/Workshop_07/PDFs/pg7.pdf,pdf
Whole/Module 7/Workshop_07/Student_Guide/Workshop_07/PDFs/pg8.pdf,pdf
Whole/Module 7/Workshop_07/Student_Guide/Workshop_07/PDFs/pg9.pdf,pdf
Whole/Module 7/Workshop_07/Student_Guide/Workshop_07/PNGs/pg1.png,png
Whole/Module 7/Workshop_07/Student_Guide/Workshop_07/PNGs/pg10.png,png
Whole/Module 7/Workshop_07/Student_Guide/Workshop_07/PNGs/pg11.png,png
Whole/Module 7/Workshop_07/Student_Guide/Workshop_07/PNGs/pg12.png,png
Whole/Module 7/Workshop_07/Student_Guide/Workshop_07/PNGs/pg13.png,png
Whole/Module 7/Workshop_07/Student_Guide/Workshop_07/PNGs/pg14.png,png
Whole/Module 7/Workshop_07/Student_Guide/Workshop_07/PNGs/pg15.png,png
Whole/Module 7/Workshop_07/Student_Guide/Workshop_07/PNGs/pg16.png,png
Whole/Module 7/Workshop_07/Student_Guide/Workshop_07/PNGs/pg2.png,png
Whole/Module 7/Workshop_07/Student_Guide/Workshop_07/PNGs/pg3.png,png
Whole/Module 7/Workshop_07/Student_Guide/Workshop_07/PNGs/pg4.png,png
Whole/Module 7/Workshop_07/Student_Guide/Workshop_07/PNGs/pg5.png,png
Whole/Module 7/Workshop_07/Student_Guide/Workshop_07/PNGs/pg6.png,png
Whole/Module 7/Workshop_07/Student_Guide/Workshop_07/PNGs/pg7.png,png
Whole/Module 7/Workshop_07/Student_Guide/Workshop_07/PNGs/pg8.png,png
Whole/Module 7/Workshop_07/Student_Guide/Workshop_07/PNGs/pg9.png,png
Whole/Module 8/Handouts/1. The 2 Way Connnection Between Poverty and Mental Health Issues.pdf,pdf
Whole/Module 8/Handouts/2. Tips for Talking With Your Partner About Finances.docx,docx
Whole/Module 8/Handouts/2. Tips for Talking With Your Partner About Finances.pdf,pdf
Whole/Module 8/Handouts/3. Steps to Healthy Finances in Your Relationship.pdf,pdf
Whole/Module 8/Handouts/4. Understanding Representative Payees.pdf,pdf
Whole/Module 8/Handouts/5. When a Representative Payee Manages Your Money.pdf,pdf
Whole/Module 8/Handouts/6. Understanding Financial Abuse & Safety Planning.docx,docx
Whole/Module 8/Handouts/6. Understanding Financial Abuse & Safety Planning.pdf,pdf
Whole/Module 8/Handouts/7. Information and Services for Survivors.pdf,pdf
Whole/Module 8/Handouts/Effects of Income Inequality on Health.docx,docx
Whole/Module 8/Handouts/Elder Financial Abuse.docx,docx
Whole/Module 8/Handouts/FAQ.Representative.Payees.pdf,pdf
Whole/Module 8/Handouts/Financial Abuse FAQs.pdf,pdf
Whole/Module 8/Handouts/Financial Abuse Fact Sheet.pdf,pdf
Whole/Module 8/Handouts/Financial Stress and Health Risks.docx,docx
Whole/Module 8/Handouts/How to Prevent and Recover from Domestic Financial Abuse.docx,docx
Whole/Module 8/Handouts/Workshop 8 Worksheets.docx,docx
Whole/Module 8/Handouts/Workshop 8 Worksheets.pdf,pdf
Whole/Module 8/MB_FTS_ 8.docx,docx
Whole/Module 8/MB_FTS_ 8.pdf,pdf
Whole/Module 8/Money Basics PPT Workshop 8.pptx,pptx
Whole/Module 8/Resources/1. Mental Health and Money.pdf,pdf
Whole/Module 8/Resources/10. Poverty and Poor Health Worldwide.pdf,pdf
Whole/Module 8/Resources/11. How to Talk to Your Partner About Money.docx,docx
Whole/Module 8/Resources/11. How to Talk to Your Partner About Money.pdf,pdf
Whole/Module 8/Resources/12. Money Problems and Relationship Problems.pdf,pdf
Whole/Module 8/Resources/13. How to Prevent Arguments About Money.pdf,pdf
Whole/Module 8/Resources/14. How to Talk to Your Spouse About Money.pdf,pdf
Whole/Module 8/Resources/15. Common Financially Abusive Behaviors.pdf,pdf
Whole/Module 8/Resources/16. How to Spot Financial Abuse of an Elder.docx,docx
Whole/Module 8/Resources/16. How to Spot Financial Abuse of an Elder.pdf,pdf
Whole/Module 8/Resources/18. Tackling social inequalities to reduce mental health problems.pdf,pdf
"Whole/Module 8/Resources/2. Poverty, Social Inequality and Mental Health.pdf",pdf
Whole/Module 8/Resources/3. Recovering Your Finances After Rehab.pdf,pdf
Whole/Module 8/Resources/4. The Poverty Mindset.pdf,pdf
Whole/Module 8/Resources/5. FAQs on Problem Gambling.pdf,pdf
Whole/Module 8/Resources/6. Resources for Problem Gambling.pdf,pdf
Whole/Module 8/Resources/7. Income Inequality and Health Care.docx,docx
Whole/Module 8/Resources/7. Income Inequality and Health Care.pdf,pdf
Whole/Module 8/Resources/8. How to Avoid the Health Risks that Come from Financial Stress.docx,docx
Whole/Module 8/Resources/8. How to Avoid the Health Risks that Come from Financial Stress.pdf,pdf
Whole/Module 8/Resources/9. Poverty_s Effect on Children_s Health.pdf,pdf
Whole/Module 8/Resources/Effects of Childhood Poverty.pdf,pdf
Whole/Module 8/Resources/Financial Abuse and Rebuilding your Finances.pdf,pdf
Whole/Module 8/Resources/Money.Smart.for.Older.Adults.Prevent.Financial.Exploitation.pdf,pdf
Whole/Module 8/Resources/Poverty and Health.pdf,pdf
Whole/Module 8/Resources/Statistics on Mental Illness and Poverty.pdf,pdf
Whole/Module 8/Resources/Workshop 8 Additional Resources.docx,docx
Whole/Module 8/Resources/Workshop 8 Additional Resources.pdf,pdf
"Whole/Module 8/Workshop 08 - Mental Health, Relationships & Money.pdf",pdf
"Whole/Module 8/Workshop 08 - Mental Health, Relationships & Money; Financial Crisis Planning.pdf",pdf
Whole/Module 8/Workshop_08_pages/Facilitator_Guide/Workshop_08/PDFs/pg1.pdf,pdf
Whole/Module 8/Workshop_08_pages/Facilitator_Guide/Workshop_08/PDFs/pg2.pdf,pdf
Whole/Module 8/Workshop_08_pages/Facilitator_Guide/Workshop_08/PDFs/pg3.pdf,pdf
Whole/Module 8/Workshop_08_pages/Facilitator_Guide/Workshop_08/PDFs/pg4.pdf,pdf
Whole/Module 8/Workshop_08_pages/Facilitator_Guide/Workshop_08/PDFs/pg5.pdf,pdf
Whole/Module 8/Workshop_08_pages/Facilitator_Guide/Workshop_08/PDFs/pg6.pdf,pdf
Whole/Module 8/Workshop_08_pages/Facilitator_Guide/Workshop_08/PDFs/pg7.pdf,pdf
Whole/Module 8/Workshop_08_pages/Facilitator_Guide/Workshop_08/PDFs/pg8.pdf,pdf
Whole/Module 8/Workshop_08_pages/Facilitator_Guide/Workshop_08/PDFs/pg9.pdf,pdf
Whole/Module 8/Workshop_08_pages/Facilitator_Guide/Workshop_08/PNGs/pg1.png,png
Whole/Module 8/Workshop_08_pages/Facilitator_Guide/Workshop_08/PNGs/pg2.png,png
Whole/Module 8/Workshop_08_pages/Facilitator_Guide/Workshop_08/PNGs/pg3.png,png
Whole/Module 8/Workshop_08_pages/Facilitator_Guide/Workshop_08/PNGs/pg4.png,png
Whole/Module 8/Workshop_08_pages/Facilitator_Guide/Workshop_08/PNGs/pg5.png,png
Whole/Module 8/Workshop_08_pages/Facilitator_Guide/Workshop_08/PNGs/pg6.png,png
Whole/Module 8/Workshop_08_pages/Facilitator_Guide/Workshop_08/PNGs/pg7.png,png
Whole/Module 8/Workshop_08_pages/Facilitator_Guide/Workshop_08/PNGs/pg8.png,png
Whole/Module 8/Workshop_08_pages/Facilitator_Guide/Workshop_08/PNGs/pg9.png,png
Whole/Module 8/Workshop_08_pages/Student_Guide/Workshop_08/PDFs/pg1.pdf,pdf
Whole/Module 8/Workshop_08_pages/Student_Guide/Workshop_08/PDFs/pg10.pdf,pdf
Whole/Module 8/Workshop_08_pages/Student_Guide/Workshop_08/PDFs/pg11.pdf,pdf
Whole/Module 8/Workshop_08_pages/Student_Guide/Workshop_08/PDFs/pg12.pdf,pdf
Whole/Module 8/Workshop_08_pages/Student_Guide/Workshop_08/PDFs/pg13.pdf,pdf
Whole/Module 8/Workshop_08_pages/Student_Guide/Workshop_08/PDFs/pg14.pdf,pdf
Whole/Module 8/Workshop_08_pages/Student_Guide/Workshop_08/PDFs/pg15.pdf,pdf
Whole/Module 8/Workshop_08_pages/Student_Guide/Workshop_08/PDFs/pg16.pdf,pdf
Whole/Module 8/Workshop_08_pages/Student_Guide/Workshop_08/PDFs/pg17.pdf,pdf
Whole/Module 8/Workshop_08_pages/Student_Guide/Workshop_08/PDFs/pg18.pdf,pdf
Whole/Module 8/Workshop_08_pages/Student_Guide/Workshop_08/PDFs/pg19.pdf,pdf
Whole/Module 8/Workshop_08_pages/Student_Guide/Workshop_08/PDFs/pg2.pdf,pdf
Whole/Module 8/Workshop_08_pages/Student_Guide/Workshop_08/PDFs/pg20.pdf,pdf
Whole/Module 8/Workshop_08_pages/Student_Guide/Workshop_08/PDFs/pg21.pdf,pdf
Whole/Module 8/Workshop_08_pages/Student_Guide/Workshop_08/PDFs/pg3.pdf,pdf
Whole/Module 8/Workshop_08_pages/Student_Guide/Workshop_08/PDFs/pg4.pdf,pdf
Whole/Module 8/Workshop_08_pages/Student_Guide/Workshop_08/PDFs/pg5.pdf,pdf
Whole/Module 8/Workshop_08_pages/Student_Guide/Workshop_08/PDFs/pg6.pdf,pdf
Whole/Module 8/Workshop_08_pages/Student_Guide/Workshop_08/PDFs/pg7.pdf,pdf
Whole/Module 8/Workshop_08_pages/Student_Guide/Workshop_08/PDFs/pg8.pdf,pdf
Whole/Module 8/Workshop_08_pages/Student_Guide/Workshop_08/PDFs/pg9.pdf,pdf
Whole/Module 8/Workshop_08_pages/Student_Guide/Workshop_08/PNGs/pg1.png,png
Whole/Module 8/Workshop_08_pages/Student_Guide/Workshop_08/PNGs/pg10.png,png
Whole/Module 8/Workshop_08_pages/Student_Guide/Workshop_08/PNGs/pg11.png,png
Whole/Module 8/Workshop_08_pages/Student_Guide/Workshop_08/PNGs/pg12.png,png
Whole/Module 8/Workshop_08_pages/Student_Guide/Workshop_08/PNGs/pg13.png,png
Whole/Module 8/Workshop_08_pages/Student_Guide/Workshop_08/PNGs/pg14.png,png
Whole/Module 8/Workshop_08_pages/Student_Guide/Workshop_08/PNGs/pg15.png,png
Whole/Module 8/Workshop_08_pages/Student_Guide/Workshop_08/PNGs/pg16.png,png
Whole/Module 8/Workshop_08_pages/Student_Guide/Workshop_08/PNGs/pg17.png,png
Whole/Module 8/Workshop_08_pages/Student_Guide/Workshop_08/PNGs/pg18.png,png
Whole/Module 8/Workshop_08_pages/Student_Guide/Workshop_08/PNGs/pg19.png,png
Whole/Module 8/Workshop_08_pages/Student_Guide/Workshop_08/PNGs/pg2.png,png
Whole/Module 8/Workshop_08_pages/Student_Guide/Workshop_08/PNGs/pg20.png,png
Whole/Module 8/Workshop_08_pages/Student_Guide/Workshop_08/PNGs/pg21.png,png
Whole/Module 8/Workshop_08_pages/Student_Guide/Workshop_08/PNGs/pg3.png,png
Whole/Module 8/Workshop_08_pages/Student_Guide/Workshop_08/PNGs/pg4.png,png
Whole/Module 8/Workshop_08_pages/Student_Guide/Workshop_08/PNGs/pg5.png,png
Whole/Module 8/Workshop_08_pages/Student_Guide/Workshop_08/PNGs/pg6.png,png
Whole/Module 8/Workshop_08_pages/Student_Guide/Workshop_08/PNGs/pg7.png,png
Whole/Module 8/Workshop_08_pages/Student_Guide/Workshop_08/PNGs/pg8.png,png
Whole/Module 8/Workshop_08_pages/Student_Guide/Workshop_08/PNGs/pg9.png,png
Whole/Module 9/Handouts/1. IRS Tips to Take the Stress out of Tax Season.pdf,pdf
Whole/Module 9/Handouts/2. IRS Free File.pdf,pdf
Whole/Module 9/Handouts/3. 6 Steps for First-Time Tax Filers.pdf,pdf
Whole/Module 9/Handouts/4. The Three Basic Tax Types.pdf,pdf
Whole/Module 9/Handouts/5. Credits & Deductions.pdf,pdf
Whole/Module 9/Handouts/6. Common Tax Write-Offs You Can Claim.pdf,pdf
Whole/Module 9/Handouts/Who Qualifies for the Earned Income Tax Credit (EITC) _ Internal Revenue Service.pdf,pdf
Whole/Module 9/How to Cope with Tax Season Stress.docx,docx
Whole/Module 9/MB_FTS_ 9.docx,docx
Whole/Module 9/Module Nine Additional Resources.docx,docx
Whole/Module 9/Money Basics PPT Workshop 9.pptx,pptx
"Whole/Module 9/Regressive, Proportional, and Progressive Taxes.docx",docx
Whole/Module 9/Resources/1. What to Know About How to File Taxes.docx,docx
Whole/Module 9/Resources/1. What to Know About How to File Taxes.pdf,pdf
Whole/Module 9/Resources/2. How to Cope with Tax Season Stress.docx,docx
Whole/Module 9/Resources/2. How to Cope with Tax Season Stress.pdf,pdf
Whole/Module 9/Resources/3. How to File Your Taxes.pdf,pdf
Whole/Module 9/Resources/4. Tax Basics.pdf,pdf
Whole/Module 9/Resources/5. Why We Pay Taxes.pdf,pdf
Whole/Module 9/Resources/6. Regressive Vs. Progressive Taxes.docx,docx
Whole/Module 9/Resources/6. Regressive Vs. Progressive Taxes.pdf,pdf
Whole/Module 9/Resources/7. Federal Tax Revenue.pdf,pdf
Whole/Module 9/Resources/Form 1040.pdf,pdf
Whole/Module 9/Resources/Workshop 9 Additional Resources.docx,docx
Whole/Module 9/Resources/Workshop 9 Additional Resources.pdf,pdf
Whole/Module 9/What to Know About How to File Taxes.docx,docx
Whole/Module 9/Workshop 09 - Tax Returns.pdf,pdf
