source,dest,workshop,category,page_role,resource_role,result,source_type,review_reasons
main/rebuild/content/legacy/whole/Module 0/MB_FTS_ 0.docx,main/rebuild/content/workshops/workshop-00/resources/MB_FTS_ 0.docx,workshop-00,resources,,,copied,whole_legacy,resources_without_resource_role
main/rebuild/content/legacy/whole/Module 1/Money Basics PPT Workshop 1.pdf,main/rebuild/content/workshops/workshop-01/resources/Money Basics PPT Workshop 1.pdf,workshop-01,resources,,,copied,whole_legacy,resources_without_resource_role
main/rebuild/content/legacy/whole/Module 1/MB_FTS_ 1.docx,main/rebuild/content/workshops/workshop-01/resources/MB_FTS_ 1.docx,workshop-01,resources,,,copied,whole_legacy,resources_without_resource_role
main/rebuild/content/legacy/whole/Module 1/Money Basics PPT Workshop 1.pptx,main/rebuild/content/workshops/workshop-01/resources/Money Basics PPT Workshop 1.pptx,workshop-01,resources,,,copied,whole_legacy,resources_without_resource_role
main/rebuild/content/legacy/whole/Module 1/OR_WorkSystemsPresentation_20211006.pptx,main/rebuild/content/workshops/workshop-01/resources/OR_WorkSystemsPresentation_20211006.pptx,workshop-01,resources,,,copied,whole_legacy,resources_without_resource_role
main/rebuild/content/legacy/whole/Module 1/Course Introduction/Creating Community Agreements.pdf,main/rebuild/content/workshops/workshop-01/resources/Course Introduction/Creating Community Agreements.pdf,workshop-01,resources,,,copied,whole_legacy,resources_without_resource_role
main/rebuild/content/legacy/whole/Module 1/Course Introduction/Workshop 01 - Introduction.pdf,main/rebuild/content/workshops/workshop-01/resources/Course Introduction/Workshop 01 - Introduction.pdf,workshop-01,resources,,,copied,whole_legacy,resources_without_resource_role
main/rebuild/content/legacy/whole/Module 1/Course Introduction/Trauma-Informed-Care-in-the-Classroom.pdf,main/rebuild/content/workshops/workshop-01/resources/Course Introduction/Trauma-Informed-Care-in-the-Classroom.pdf,workshop-01,resources,,,copied,whole_legacy,resources_without_resource_role
main/rebuild/content/legacy/whole/Module 1/Course Introduction/Developing Community Agreements.pdf,main/rebuild/content/workshops/workshop-01/resources/Course Introduction/Developing Community Agreements.pdf,workshop-01,resources,,,copied,whole_legacy,resources_without_resource_role
main/rebuild/content/legacy/whole/Module 1/Visuals/workshop packet image.png,main/rebuild/content/workshops/workshop-01/resources/Visuals/workshop packet image.png,workshop-01,resources,,,copied,whole_legacy,resources_without_resource_role
main/rebuild/content/legacy/whole/Module 1/Visuals/2-768x512.jpg,main/rebuild/content/workshops/workshop-01/resources/Visuals/2-768x512.jpg,workshop-01,resources,,,copied,whole_legacy,resources_without_resource_role
main/rebuild/content/legacy/whole/Module 1/Visuals/equity-apple-tree-1024x575.jpg,main/rebuild/content/workshops/workshop-01/resources/Visuals/equity-apple-tree-1024x575.jpg,workshop-01,resources,,,copied,whole_legacy,resources_without_resource_role
main/rebuild/content/legacy/whole/Module 1/Visuals/Wheel of Privilege and Power.png,main/rebuild/content/workshops/workshop-01/resources/Visuals/Wheel of Privilege and Power.png,workshop-01,resources,,,copied,whole_legacy,resources_without_resource_role
main/rebuild/content/legacy/whole/Module 1/SG:FG/W1_SG.pdf,main/rebuild/content/workshops/workshop-01/Student_Guide/W1_SG.pdf,workshop-01,Student_Guide,,,copied,whole_legacy,legacy_path_contains_colon
main/rebuild/content/legacy/whole/Module 1/SG:FG/W1_FG.pdf,main/rebuild/content/workshops/workshop-01/Facilitator_Guide/W1_FG.pdf,workshop-01,Facilitator_Guide,,,copied,whole_legacy,legacy_path_contains_colon
main/rebuild/content/legacy/whole/Module 10/23 Easy Ways To Save Money.docx,main/rebuild/content/workshops/workshop-10/resources/23 Easy Ways To Save Money.docx,workshop-10,resources,,,copied,whole_legacy,resources_without_resource_role
main/rebuild/content/legacy/whole/Module 10/A Beginner_s Guide to Saving Money.docx,main/rebuild/content/workshops/workshop-10/resources/A Beginner_s Guide to Saving Money.docx,workshop-10,resources,,,copied,whole_legacy,resources_without_resource_role
main/rebuild/content/legacy/whole/Module 10/MB_FTS_ 10.docx,main/rebuild/content/workshops/workshop-10/resources/MB_FTS_ 10.docx,workshop-10,resources,,,copied,whole_legacy,resources_without_resource_role
main/rebuild/content/legacy/whole/Module 10/How to Save Money On A Low Income.docx,main/rebuild/content/workshops/workshop-10/resources/How to Save Money On A Low Income.docx,workshop-10,resources,,,copied,whole_legacy,resources_without_resource_role
main/rebuild/content/legacy/whole/Module 10/Workshop 10 - Savings Accounts & Goals.pdf,main/rebuild/content/workshops/workshop-10/resources/Workshop 10 - Savings Accounts & Goals.pdf,workshop-10,resources,,,copied,whole_legacy,resources_without_resource_role
main/rebuild/content/legacy/whole/Module 10/Asset Building For Low-Income Families.docx,main/rebuild/content/workshops/workshop-10/resources/Asset Building For Low-Income Families.docx,workshop-10,resources,,,copied,whole_legacy,resources_without_resource_role
main/rebuild/content/legacy/whole/Module 10/Workshop 10 - Savings Accounts & Savings Goals.pdf,main/rebuild/content/workshops/workshop-10/resources/Workshop 10 - Savings Accounts & Savings Goals.pdf,workshop-10,resources,,,copied,whole_legacy,resources_without_resource_role
main/rebuild/content/legacy/whole/Module 10/Visuals/money trees.png,main/rebuild/content/workshops/workshop-10/resources/Visuals/money trees.png,workshop-10,resources,,,copied,whole_legacy,resources_without_resource_role
main/rebuild/content/legacy/whole/Module 10/Visuals/Screenshot 2025-10-29 at 2.03.55 PM.png,main/rebuild/content/workshops/workshop-10/resources/Visuals/Screenshot 2025-10-29 at 2.03.55 PM.png,workshop-10,resources,,,copied,whole_legacy,resources_without_resource_role
main/rebuild/content/legacy/whole/Module 10/Visuals/Screenshot 2025-10-29 at 10.26.47 AM.png,main/rebuild/content/workshops/workshop-10/resources/Visuals/Screenshot 2025-10-29 at 10.26.47 AM.png,workshop-10,resources,,,copied,whole_legacy,resources_without_resource_role
main/rebuild/content/legacy/whole/Module 10/Visuals/IDAs.png,main/rebuild/content/workshops/workshop-10/resources/Visuals/IDAs.png,workshop-10,resources,,,copied,whole_legacy,resources_without_resource_role
main/rebuild/content/legacy/whole/Module 10/Visuals/Budgeting Table.png,main/rebuild/content/workshops/workshop-10/resources/Visuals/Budgeting Table.png,workshop-10,resources,,,copied,whole_legacy,resources_without_resource_role
main/rebuild/content/legacy/whole/Module 10/Sections ( PDF )/Savings_Accounts.pdf,main/rebuild/content/workshops/workshop-10/resources/Sections ( PDF )/Savings_Accounts.pdf,workshop-10,resources,,,copied,whole_legacy,resources_without_resource_role
main/rebuild/content/legacy/whole/Module 10/Student_Guide/Workshop_10/PDFs/pg10.pdf,main/rebuild/content/workshops/workshop-10/Student_Guide/PDFs/pg10.pdf,workshop-10,Student_Guide,,,copied,whole_legacy,generic_page_filename
main/rebuild/content/legacy/whole/Module 10/Student_Guide/Workshop_10/PDFs/pg1.pdf,main/rebuild/content/workshops/workshop-10/Student_Guide/PDFs/pg1.pdf,workshop-10,Student_Guide,,,copied,whole_legacy,generic_page_filename
main/rebuild/content/legacy/whole/Module 10/Student_Guide/Workshop_10/PDFs/pg8.pdf,main/rebuild/content/workshops/workshop-10/Student_Guide/PDFs/pg8.pdf,workshop-10,Student_Guide,,,copied,whole_legacy,generic_page_filename
main/rebuild/content/legacy/whole/Module 10/Student_Guide/Workshop_10/PDFs/pg2.pdf,main/rebuild/content/workshops/workshop-10/Student_Guide/PDFs/pg2.pdf,workshop-10,Student_Guide,,,copied,whole_legacy,generic_page_filename
main/rebuild/content/legacy/whole/Module 10/Student_Guide/Workshop_10/PDFs/pg4.pdf,main/rebuild/content/workshops/workshop-10/Student_Guide/PDFs/pg4.pdf,workshop-10,Student_Guide,,,copied,whole_legacy,generic_page_filename
main/rebuild/content/legacy/whole/Module 10/Student_Guide/Workshop_10/PDFs/pg12.pdf,main/rebuild/content/workshops/workshop-10/Student_Guide/PDFs/pg12.pdf,workshop-10,Student_Guide,,,copied,whole_legacy,generic_page_filename
main/rebuild/content/legacy/whole/Module 10/Student_Guide/Workshop_10/PDFs/pg13.pdf,main/rebuild/content/workshops/workshop-10/Student_Guide/PDFs/pg13.pdf,workshop-10,Student_Guide,,,copied,whole_legacy,generic_page_filename
main/rebuild/content/legacy/whole/Module 10/Student_Guide/Workshop_10/PDFs/pg11.pdf,main/rebuild/content/workshops/workshop-10/Student_Guide/PDFs/pg11.pdf,workshop-10,Student_Guide,,,copied,whole_legacy,generic_page_filename
main/rebuild/content/legacy/whole/Module 10/Student_Guide/Workshop_10/PDFs/pg7.pdf,main/rebuild/content/workshops/workshop-10/Student_Guide/PDFs/pg7.pdf,workshop-10,Student_Guide,,,copied,whole_legacy,generic_page_filename
main/rebuild/content/legacy/whole/Module 10/Student_Guide/Workshop_10/PDFs/pg6.pdf,main/rebuild/content/workshops/workshop-10/Student_Guide/PDFs/pg6.pdf,workshop-10,Student_Guide,,,copied,whole_legacy,generic_page_filename
main/rebuild/content/legacy/whole/Module 10/Student_Guide/Workshop_10/PDFs/pg14.pdf,main/rebuild/content/workshops/workshop-10/Student_Guide/PDFs/pg14.pdf,workshop-10,Student_Guide,,,copied,whole_legacy,generic_page_filename
main/rebuild/content/legacy/whole/Module 10/Student_Guide/Workshop_10/PDFs/pg9.pdf,main/rebuild/content/workshops/workshop-10/Student_Guide/PDFs/pg9.pdf,workshop-10,Student_Guide,,,copied,whole_legacy,generic_page_filename
main/rebuild/content/legacy/whole/Module 10/Student_Guide/Workshop_10/PDFs/pg5.pdf,main/rebuild/content/workshops/workshop-10/Student_Guide/PDFs/pg5.pdf,workshop-10,Student_Guide,,,copied,whole_legacy,generic_page_filename
main/rebuild/content/legacy/whole/Module 10/Student_Guide/Workshop_10/PDFs/pg3.pdf,main/rebuild/content/workshops/workshop-10/Student_Guide/PDFs/pg3.pdf,workshop-10,Student_Guide,,,copied,whole_legacy,generic_page_filename
main/rebuild/content/legacy/whole/Module 10/Student_Guide/Workshop_10/PNGs/pg5.png,main/rebuild/content/workshops/workshop-10/Student_Guide/PNGs/pg5.png,workshop-10,Student_Guide,,,copied,whole_legacy,generic_page_filename
main/rebuild/content/legacy/whole/Module 10/Student_Guide/Workshop_10/PNGs/pg1.png,main/rebuild/content/workshops/workshop-10/Student_Guide/PNGs/pg1.png,workshop-10,Student_Guide,,,copied,whole_legacy,generic_page_filename
main/rebuild/content/legacy/whole/Module 10/Student_Guide/Workshop_10/PNGs/pg9.png,main/rebuild/content/workshops/workshop-10/Student_Guide/PNGs/pg9.png,workshop-10,Student_Guide,,,copied,whole_legacy,generic_page_filename
main/rebuild/content/legacy/whole/Module 10/Student_Guide/Workshop_10/PNGs/pg2.png,main/rebuild/content/workshops/workshop-10/Student_Guide/PNGs/pg2.png,workshop-10,Student_Guide,,,copied,whole_legacy,generic_page_filename
main/rebuild/content/legacy/whole/Module 10/Student_Guide/Workshop_10/PNGs/pg4.png,main/rebuild/content/workshops/workshop-10/Student_Guide/PNGs/pg4.png,workshop-10,Student_Guide,,,copied,whole_legacy,generic_page_filename
main/rebuild/content/legacy/whole/Module 10/Student_Guide/Workshop_10/PNGs/pg7.png,main/rebuild/content/workshops/workshop-10/Student_Guide/PNGs/pg7.png,workshop-10,Student_Guide,,,copied,whole_legacy,generic_page_filename
main/rebuild/content/legacy/whole/Module 10/Student_Guide/Workshop_10/PNGs/pg12.png,main/rebuild/content/workshops/workshop-10/Student_Guide/PNGs/pg12.png,workshop-10,Student_Guide,,,copied,whole_legacy,generic_page_filename
main/rebuild/content/legacy/whole/Module 10/Student_Guide/Workshop_10/PNGs/pg8.png,main/rebuild/content/workshops/workshop-10/Student_Guide/PNGs/pg8.png,workshop-10,Student_Guide,,,copied,whole_legacy,generic_page_filename
main/rebuild/content/legacy/whole/Module 10/Student_Guide/Workshop_10/PNGs/pg11.png,main/rebuild/content/workshops/workshop-10/Student_Guide/PNGs/pg11.png,workshop-10,Student_Guide,,,copied,whole_legacy,generic_page_filename
main/rebuild/content/legacy/whole/Module 10/Student_Guide/Workshop_10/PNGs/pg6.png,main/rebuild/content/workshops/workshop-10/Student_Guide/PNGs/pg6.png,workshop-10,Student_Guide,,,copied,whole_legacy,generic_page_filename
main/rebuild/content/legacy/whole/Module 10/Student_Guide/Workshop_10/PNGs/pg3.png,main/rebuild/content/workshops/workshop-10/Student_Guide/PNGs/pg3.png,workshop-10,Student_Guide,,,copied,whole_legacy,generic_page_filename
main/rebuild/content/legacy/whole/Module 10/Student_Guide/Workshop_10/PNGs/pg13.png,main/rebuild/content/workshops/workshop-10/Student_Guide/PNGs/pg13.png,workshop-10,Student_Guide,,,copied,whole_legacy,generic_page_filename
main/rebuild/content/legacy/whole/Module 10/Student_Guide/Workshop_10/PNGs/pg10.png,main/rebuild/content/workshops/workshop-10/Student_Guide/PNGs/pg10.png,workshop-10,Student_Guide,,,copied,whole_legacy,generic_page_filename
main/rebuild/content/legacy/whole/Module 10/Student_Guide/Workshop_10/PNGs/pg14.png,main/rebuild/content/workshops/workshop-10/Student_Guide/PNGs/pg14.png,workshop-10,Student_Guide,,,copied,whole_legacy,generic_page_filename
main/rebuild/content/legacy/whole/Module 10/Facilitator Guide/Sections/Saving Money w: Limited Resources.pdf,main/rebuild/content/workshops/workshop-10/Facilitator_Guide/Sections/Saving Money w - Limited Resources.pdf,workshop-10,Facilitator_Guide,,resource,copied,whole_legacy,legacy_path_contains_colon
main/rebuild/content/legacy/whole/Module 11/Workshop 11 - Course Graduation.pdf,main/rebuild/content/workshops/workshop-11/resources/Workshop 11 - Course Graduation.pdf,workshop-11,resources,,,copied,whole_legacy,resources_without_resource_role
main/rebuild/content/legacy/whole/Module 2/Person-Centered Planning.docx,main/rebuild/content/workshops/workshop-02/resources/Person-Centered Planning.docx,workshop-02,resources,,,copied,whole_legacy,resources_without_resource_role
main/rebuild/content/legacy/whole/Module 2/Workshop 02 - Setting Financial Goals.pdf,main/rebuild/content/workshops/workshop-02/resources/Workshop 02 - Setting Financial Goals.pdf,workshop-02,resources,,,copied,whole_legacy,resources_without_resource_role
main/rebuild/content/legacy/whole/Module 2/MB_FTS_ 2.docx,main/rebuild/content/workshops/workshop-02/resources/MB_FTS_ 2.docx,workshop-02,resources,,,copied,whole_legacy,resources_without_resource_role
main/rebuild/content/legacy/whole/Module 3/5 No-brainer Money-Saving Tips.docx,main/rebuild/content/workshops/workshop-03/resources/5 No-brainer Money-Saving Tips.docx,workshop-03,resources,,,copied,whole_legacy,resources_without_resource_role
main/rebuild/content/legacy/whole/Module 3/How to Buy a House with Low Income.docx,main/rebuild/content/workshops/workshop-03/resources/How to Buy a House with Low Income.docx,workshop-03,resources,,,copied,whole_legacy,resources_without_resource_role
main/rebuild/content/legacy/whole/Module 3/Workshop 03 - Creating a Budget.pdf,main/rebuild/content/workshops/workshop-03/resources/Workshop 03 - Creating a Budget.pdf,workshop-03,resources,,,copied,whole_legacy,resources_without_resource_role
main/rebuild/content/legacy/whole/Module 3/10 Easy Ways to Save Money.docx,main/rebuild/content/workshops/workshop-03/resources/10 Easy Ways to Save Money.docx,workshop-03,resources,,,copied,whole_legacy,resources_without_resource_role
main/rebuild/content/legacy/whole/Module 3/What Makes for a Successful Budget.docx,main/rebuild/content/workshops/workshop-03/resources/What Makes for a Successful Budget.docx,workshop-03,resources,,,copied,whole_legacy,resources_without_resource_role
main/rebuild/content/legacy/whole/Module 3/How to Make a Budget.docx,main/rebuild/content/workshops/workshop-03/resources/How to Make a Budget.docx,workshop-03,resources,,,copied,whole_legacy,resources_without_resource_role
main/rebuild/content/legacy/whole/Module 3/11 Frugal Living Tips.docx,main/rebuild/content/workshops/workshop-03/resources/11 Frugal Living Tips.docx,workshop-03,resources,,,copied,whole_legacy,resources_without_resource_role
main/rebuild/content/legacy/whole/Module 3/Budgeting Apps.docx,main/rebuild/content/workshops/workshop-03/resources/Budgeting Apps.docx,workshop-03,resources,,,copied,whole_legacy,resources_without_resource_role
main/rebuild/content/legacy/whole/Module 3/MB_FTS_ 3.docx,main/rebuild/content/workshops/workshop-03/resources/MB_FTS_ 3.docx,workshop-03,resources,,,copied,whole_legacy,resources_without_resource_role
main/rebuild/content/legacy/whole/Module 3/How To File For Social Security Disability Benefits If Homeless.docx,main/rebuild/content/workshops/workshop-03/resources/How To File For Social Security Disability Benefits If Homeless.docx,workshop-03,resources,,,copied,whole_legacy,resources_without_resource_role
main/rebuild/content/legacy/whole/Module 3/Online Budgeting Tools.docx,main/rebuild/content/workshops/workshop-03/resources/Online Budgeting Tools.docx,workshop-03,resources,,,copied,whole_legacy,resources_without_resource_role
main/rebuild/content/legacy/whole/Module 3/SSI Elibility Requirements and Asset Limits.docx,main/rebuild/content/workshops/workshop-03/resources/SSI Elibility Requirements and Asset Limits.docx,workshop-03,resources,,,copied,whole_legacy,resources_without_resource_role
main/rebuild/content/legacy/whole/Module 4/Workshop 04 - Banking Basics.pdf,main/rebuild/content/workshops/workshop-04/resources/Workshop 04 - Banking Basics.pdf,workshop-04,resources,,,copied,whole_legacy,resources_without_resource_role
main/rebuild/content/legacy/whole/Module 4/How to Balance Your Checkbook.docx,main/rebuild/content/workshops/workshop-04/resources/How to Balance Your Checkbook.docx,workshop-04,resources,,,copied,whole_legacy,resources_without_resource_role
main/rebuild/content/legacy/whole/Module 4/MB_FTS_ 4.docx,main/rebuild/content/workshops/workshop-04/resources/MB_FTS_ 4.docx,workshop-04,resources,,,copied,whole_legacy,resources_without_resource_role
main/rebuild/content/legacy/whole/Module 4/How to Open a Bank Checking Account With Bad Credit.docx,main/rebuild/content/workshops/workshop-04/resources/How to Open a Bank Checking Account With Bad Credit.docx,workshop-04,resources,,,copied,whole_legacy,resources_without_resource_role
main/rebuild/content/legacy/whole/Module 4/Second Chance Checking Accounts.docx,main/rebuild/content/workshops/workshop-04/resources/Second Chance Checking Accounts.docx,workshop-04,resources,,,copied,whole_legacy,resources_without_resource_role
main/rebuild/content/legacy/whole/Module 4/Why Balancing Your Checkbook is Important.docx,main/rebuild/content/workshops/workshop-04/resources/Why Balancing Your Checkbook is Important.docx,workshop-04,resources,,,copied,whole_legacy,resources_without_resource_role
main/rebuild/content/legacy/whole/Module 4/How to Open a Bank Account.docx,main/rebuild/content/workshops/workshop-04/resources/How to Open a Bank Account.docx,workshop-04,resources,,,copied,whole_legacy,resources_without_resource_role
main/rebuild/content/legacy/whole/Module 5/WSP_5_FT.docx,main/rebuild/content/workshops/workshop-05/resources/WSP_5_FT.docx,workshop-05,resources,,,copied,whole_legacy,resources_without_resource_role
main/rebuild/content/legacy/whole/Module 5/manifest.txt,main/rebuild/content/workshops/workshop-05/resources/manifest.txt,workshop-05,resources,,,copied,whole_legacy,resources_without_resource_role;legacy_manifest_file
main/rebuild/content/legacy/whole/Module 6/What You Should Know About Credit Card Interest Rates.docx,main/rebuild/content/workshops/workshop-06/resources/What You Should Know About Credit Card Interest Rates.docx,workshop-06,resources,,,copied,whole_legacy,resources_without_resource_role
main/rebuild/content/legacy/whole/Module 6/How to Raise a Low Credit Score.docx,main/rebuild/content/workshops/workshop-06/resources/How to Raise a Low Credit Score.docx,workshop-06,resources,,,copied,whole_legacy,resources_without_resource_role
main/rebuild/content/legacy/whole/Module 6/Workshop 06 - Credit & Loans.pdf,main/rebuild/content/workshops/workshop-06/resources/Workshop 06 - Credit & Loans.pdf,workshop-06,resources,,,copied,whole_legacy,resources_without_resource_role
main/rebuild/content/legacy/whole/Module 6/How to Get the Best Car Loan.docx,main/rebuild/content/workshops/workshop-06/resources/How to Get the Best Car Loan.docx,workshop-06,resources,,,copied,whole_legacy,resources_without_resource_role
main/rebuild/content/legacy/whole/Module 6/Why Payday Loans Can Be Costly.docx,main/rebuild/content/workshops/workshop-06/resources/Why Payday Loans Can Be Costly.docx,workshop-06,resources,,,copied,whole_legacy,resources_without_resource_role
main/rebuild/content/legacy/whole/Module 6/manifest.txt,main/rebuild/content/workshops/workshop-06/resources/manifest.txt,workshop-06,resources,,,copied,whole_legacy,resources_without_resource_role;legacy_manifest_file
main/rebuild/content/legacy/whole/Module 6/How to Choose a Credit Card.docx,main/rebuild/content/workshops/workshop-06/resources/How to Choose a Credit Card.docx,workshop-06,resources,,,copied,whole_legacy,resources_without_resource_role
main/rebuild/content/legacy/whole/Module 6/MB_FTS_ 6.docx,main/rebuild/content/workshops/workshop-06/resources/MB_FTS_ 6.docx,workshop-06,resources,,,copied,whole_legacy,resources_without_resource_role
main/rebuild/content/legacy/whole/Module 6/How to Get Preapproved for a Loan.docx,main/rebuild/content/workshops/workshop-06/resources/How to Get Preapproved for a Loan.docx,workshop-06,resources,,,copied,whole_legacy,resources_without_resource_role
main/rebuild/content/legacy/whole/Module 6/How Credit Scores Work.docx,main/rebuild/content/workshops/workshop-06/resources/How Credit Scores Work.docx,workshop-06,resources,,,copied,whole_legacy,resources_without_resource_role
main/rebuild/content/legacy/whole/Module 7/MB_FTS_ 7.pdf,main/rebuild/content/workshops/workshop-07/resources/MB_FTS_ 7.pdf,workshop-07,resources,,,copied,whole_legacy,resources_without_resource_role
main/rebuild/content/legacy/whole/Module 7/How to Create a Debt Elimination Plan.docx,main/rebuild/content/workshops/workshop-07/resources/How to Create a Debt Elimination Plan.docx,workshop-07,resources,,,copied,whole_legacy,resources_without_resource_role
main/rebuild/content/legacy/whole/Module 7/73 Tips for Eliminating Debt.docx,main/rebuild/content/workshops/workshop-07/resources/73 Tips for Eliminating Debt.docx,workshop-07,resources,,,copied,whole_legacy,resources_without_resource_role
main/rebuild/content/legacy/whole/Module 7/5 Ways to Get out of Debt.docx,main/rebuild/content/workshops/workshop-07/resources/5 Ways to Get out of Debt.docx,workshop-07,resources,,,copied,whole_legacy,resources_without_resource_role
main/rebuild/content/legacy/whole/Module 7/The Effects of Debt on Your Health.docx,main/rebuild/content/workshops/workshop-07/resources/The Effects of Debt on Your Health.docx,workshop-07,resources,,,copied,whole_legacy,resources_without_resource_role
main/rebuild/content/legacy/whole/Module 7/Workshop 07 - Debt & Tools.pdf,main/rebuild/content/workshops/workshop-07/resources/Workshop 07 - Debt & Tools.pdf,workshop-07,resources,,,copied,whole_legacy,resources_without_resource_role
main/rebuild/content/legacy/whole/Module 7/MB_FTS_ 7.docx,main/rebuild/content/workshops/workshop-07/resources/MB_FTS_ 7.docx,workshop-07,resources,,,copied,whole_legacy,resources_without_resource_role
main/rebuild/content/legacy/whole/Module 7/Workshop_07/Facilitator_Guide/Workshop_07/PDFs/pg1.pdf,main/rebuild/content/workshops/workshop-07/Facilitator_Guide/PDFs/pg1.pdf,workshop-07,Facilitator_Guide,,,copied,whole_legacy,generic_page_filename
main/rebuild/content/legacy/whole/Module 7/Workshop_07/Facilitator_Guide/Workshop_07/PDFs/pg2.pdf,main/rebuild/content/workshops/workshop-07/Facilitator_Guide/PDFs/pg2.pdf,workshop-07,Facilitator_Guide,,,copied,whole_legacy,generic_page_filename
main/rebuild/content/legacy/whole/Module 7/Workshop_07/Facilitator_Guide/Workshop_07/PDFs/pg4.pdf,main/rebuild/content/workshops/workshop-07/Facilitator_Guide/PDFs/pg4.pdf,workshop-07,Facilitator_Guide,,,copied,whole_legacy,generic_page_filename
main/rebuild/content/legacy/whole/Module 7/Workshop_07/Facilitator_Guide/Workshop_07/PDFs/pg7.pdf,main/rebuild/content/workshops/workshop-07/Facilitator_Guide/PDFs/pg7.pdf,workshop-07,Facilitator_Guide,,,copied,whole_legacy,generic_page_filename
main/rebuild/content/legacy/whole/Module 7/Workshop_07/Facilitator_Guide/Workshop_07/PDFs/pg6.pdf,main/rebuild/content/workshops/workshop-07/Facilitator_Guide/PDFs/pg6.pdf,workshop-07,Facilitator_Guide,,,copied,whole_legacy,generic_page_filename
main/rebuild/content/legacy/whole/Module 7/Workshop_07/Facilitator_Guide/Workshop_07/PDFs/pg5.pdf,main/rebuild/content/workshops/workshop-07/Facilitator_Guide/PDFs/pg5.pdf,workshop-07,Facilitator_Guide,,,copied,whole_legacy,generic_page_filename
main/rebuild/content/legacy/whole/Module 7/Workshop_07/Facilitator_Guide/Workshop_07/PDFs/pg3.pdf,main/rebuild/content/workshops/workshop-07/Facilitator_Guide/PDFs/pg3.pdf,workshop-07,Facilitator_Guide,,,copied,whole_legacy,generic_page_filename
main/rebuild/content/legacy/whole/Module 7/Workshop_07/Facilitator_Guide/Workshop_07/PNGs/pg5.png,main/rebuild/content/workshops/workshop-07/Facilitator_Guide/PNGs/pg5.png,workshop-07,Facilitator_Guide,,,copied,whole_legacy,generic_page_filename
main/rebuild/content/legacy/whole/Module 7/Workshop_07/Facilitator_Guide/Workshop_07/PNGs/pg1.png,main/rebuild/content/workshops/workshop-07/Facilitator_Guide/PNGs/pg1.png,workshop-07,Facilitator_Guide,,,copied,whole_legacy,generic_page_filename
main/rebuild/content/legacy/whole/Module 7/Workshop_07/Facilitator_Guide/Workshop_07/PNGs/pg2.png,main/rebuild/content/workshops/workshop-07/Facilitator_Guide/PNGs/pg2.png,workshop-07,Facilitator_Guide,,,copied,whole_legacy,generic_page_filename
main/rebuild/content/legacy/whole/Module 7/Workshop_07/Facilitator_Guide/Workshop_07/PNGs/pg4.png,main/rebuild/content/workshops/workshop-07/Facilitator_Guide/PNGs/pg4.png,workshop-07,Facilitator_Guide,,,copied,whole_legacy,generic_page_filename
main/rebuild/content/legacy/whole/Module 7/Workshop_07/Facilitator_Guide/Workshop_07/PNGs/pg7.png,main/rebuild/content/workshops/workshop-07/Facilitator_Guide/PNGs/pg7.png,workshop-07,Facilitator_Guide,,,copied,whole_legacy,generic_page_filename
main/rebuild/content/legacy/whole/Module 7/Workshop_07/Facilitator_Guide/Workshop_07/PNGs/pg6.png,main/rebuild/content/workshops/workshop-07/Facilitator_Guide/PNGs/pg6.png,workshop-07,Facilitator_Guide,,,copied,whole_legacy,generic_page_filename
main/rebuild/content/legacy/whole/Module 7/Workshop_07/Facilitator_Guide/Workshop_07/PNGs/pg3.png,main/rebuild/content/workshops/workshop-07/Facilitator_Guide/PNGs/pg3.png,workshop-07,Facilitator_Guide,,,copied,whole_legacy,generic_page_filename
main/rebuild/content/legacy/whole/Module 7/Workshop_07/Student_Guide/Workshop_07/PDFs/pg10.pdf,main/rebuild/content/workshops/workshop-07/Student_Guide/PDFs/pg10.pdf,workshop-07,Student_Guide,,,copied,whole_legacy,generic_page_filename
main/rebuild/content/legacy/whole/Module 7/Workshop_07/Student_Guide/Workshop_07/PDFs/pg1.pdf,main/rebuild/content/workshops/workshop-07/Student_Guide/PDFs/pg1.pdf,workshop-07,Student_Guide,,,copied,whole_legacy,generic_page_filename
main/rebuild/content/legacy/whole/Module 7/Workshop_07/Student_Guide/Workshop_07/PDFs/pg8.pdf,main/rebuild/content/workshops/workshop-07/Student_Guide/PDFs/pg8.pdf,workshop-07,Student_Guide,,,copied,whole_legacy,generic_page_filename
main/rebuild/content/legacy/whole/Module 7/Workshop_07/Student_Guide/Workshop_07/PDFs/pg2.pdf,main/rebuild/content/workshops/workshop-07/Student_Guide/PDFs/pg2.pdf,workshop-07,Student_Guide,,,copied,whole_legacy,generic_page_filename
main/rebuild/content/legacy/whole/Module 7/Workshop_07/Student_Guide/Workshop_07/PDFs/pg4.pdf,main/rebuild/content/workshops/workshop-07/Student_Guide/PDFs/pg4.pdf,workshop-07,Student_Guide,,,copied,whole_legacy,generic_page_filename
main/rebuild/content/legacy/whole/Module 7/Workshop_07/Student_Guide/Workshop_07/PDFs/pg12.pdf,main/rebuild/content/workshops/workshop-07/Student_Guide/PDFs/pg12.pdf,workshop-07,Student_Guide,,,copied,whole_legacy,generic_page_filename
main/rebuild/content/legacy/whole/Module 7/Workshop_07/Student_Guide/Workshop_07/PDFs/pg13.pdf,main/rebuild/content/workshops/workshop-07/Student_Guide/PDFs/pg13.pdf,workshop-07,Student_Guide,,,copied,whole_legacy,generic_page_filename
main/rebuild/content/legacy/whole/Module 7/Workshop_07/Student_Guide/Workshop_07/PDFs/pg11.pdf,main/rebuild/content/workshops/workshop-07/Student_Guide/PDFs/pg11.pdf,workshop-07,Student_Guide,,,copied,whole_legacy,generic_page_filename
main/rebuild/content/legacy/whole/Module 7/Workshop_07/Student_Guide/Workshop_07/PDFs/pg7.pdf,main/rebuild/content/workshops/workshop-07/Student_Guide/PDFs/pg7.pdf,workshop-07,Student_Guide,,,copied,whole_legacy,generic_page_filename
main/rebuild/content/legacy/whole/Module 7/Workshop_07/Student_Guide/Workshop_07/PDFs/pg6.pdf,main/rebuild/content/workshops/workshop-07/Student_Guide/PDFs/pg6.pdf,workshop-07,Student_Guide,,,copied,whole_legacy,generic_page_filename
main/rebuild/content/legacy/whole/Module 7/Workshop_07/Student_Guide/Workshop_07/PDFs/pg14.pdf,main/rebuild/content/workshops/workshop-07/Student_Guide/PDFs/pg14.pdf,workshop-07,Student_Guide,,,copied,whole_legacy,generic_page_filename
main/rebuild/content/legacy/whole/Module 7/Workshop_07/Student_Guide/Workshop_07/PDFs/pg9.pdf,main/rebuild/content/workshops/workshop-07/Student_Guide/PDFs/pg9.pdf,workshop-07,Student_Guide,,,copied,whole_legacy,generic_page_filename
main/rebuild/content/legacy/whole/Module 7/Workshop_07/Student_Guide/Workshop_07/PDFs/pg5.pdf,main/rebuild/content/workshops/workshop-07/Student_Guide/PDFs/pg5.pdf,workshop-07,Student_Guide,,,copied,whole_legacy,generic_page_filename
main/rebuild/content/legacy/whole/Module 7/Workshop_07/Student_Guide/Workshop_07/PDFs/pg15.pdf,main/rebuild/content/workshops/workshop-07/Student_Guide/PDFs/pg15.pdf,workshop-07,Student_Guide,,,copied,whole_legacy,generic_page_filename
main/rebuild/content/legacy/whole/Module 7/Workshop_07/Student_Guide/Workshop_07/PDFs/pg3.pdf,main/rebuild/content/workshops/workshop-07/Student_Guide/PDFs/pg3.pdf,workshop-07,Student_Guide,,,copied,whole_legacy,generic_page_filename
main/rebuild/content/legacy/whole/Module 7/Workshop_07/Student_Guide/Workshop_07/PNGs/pg5.png,main/rebuild/content/workshops/workshop-07/Student_Guide/PNGs/pg5.png,workshop-07,Student_Guide,,,copied,whole_legacy,generic_page_filename
main/rebuild/content/legacy/whole/Module 7/Workshop_07/Student_Guide/Workshop_07/PNGs/pg16.png,main/rebuild/content/workshops/workshop-07/Student_Guide/PNGs/pg16.png,workshop-07,Student_Guide,,,copied,whole_legacy,generic_page_filename
main/rebuild/content/legacy/whole/Module 7/Workshop_07/Student_Guide/Workshop_07/PNGs/pg1.png,main/rebuild/content/workshops/workshop-07/Student_Guide/PNGs/pg1.png,workshop-07,Student_Guide,,,copied,whole_legacy,generic_page_filename
main/rebuild/content/legacy/whole/Module 7/Workshop_07/Student_Guide/Workshop_07/PNGs/pg9.png,main/rebuild/content/workshops/workshop-07/Student_Guide/PNGs/pg9.png,workshop-07,Student_Guide,,,copied,whole_legacy,generic_page_filename
main/rebuild/content/legacy/whole/Module 7/Workshop_07/Student_Guide/Workshop_07/PNGs/pg2.png,main/rebuild/content/workshops/workshop-07/Student_Guide/PNGs/pg2.png,workshop-07,Student_Guide,,,copied,whole_legacy,generic_page_filename
main/rebuild/content/legacy/whole/Module 7/Workshop_07/Student_Guide/Workshop_07/PNGs/pg4.png,main/rebuild/content/workshops/workshop-07/Student_Guide/PNGs/pg4.png,workshop-07,Student_Guide,,,copied,whole_legacy,generic_page_filename
main/rebuild/content/legacy/whole/Module 7/Workshop_07/Student_Guide/Workshop_07/PNGs/pg7.png,main/rebuild/content/workshops/workshop-07/Student_Guide/PNGs/pg7.png,workshop-07,Student_Guide,,,copied,whole_legacy,generic_page_filename
main/rebuild/content/legacy/whole/Module 7/Workshop_07/Student_Guide/Workshop_07/PNGs/pg12.png,main/rebuild/content/workshops/workshop-07/Student_Guide/PNGs/pg12.png,workshop-07,Student_Guide,,,copied,whole_legacy,generic_page_filename
main/rebuild/content/legacy/whole/Module 7/Workshop_07/Student_Guide/Workshop_07/PNGs/pg8.png,main/rebuild/content/workshops/workshop-07/Student_Guide/PNGs/pg8.png,workshop-07,Student_Guide,,,copied,whole_legacy,generic_page_filename
main/rebuild/content/legacy/whole/Module 7/Workshop_07/Student_Guide/Workshop_07/PNGs/pg11.png,main/rebuild/content/workshops/workshop-07/Student_Guide/PNGs/pg11.png,workshop-07,Student_Guide,,,copied,whole_legacy,generic_page_filename
main/rebuild/content/legacy/whole/Module 7/Workshop_07/Student_Guide/Workshop_07/PNGs/pg15.png,main/rebuild/content/workshops/workshop-07/Student_Guide/PNGs/pg15.png,workshop-07,Student_Guide,,,copied,whole_legacy,generic_page_filename
main/rebuild/content/legacy/whole/Module 7/Workshop_07/Student_Guide/Workshop_07/PNGs/pg6.png,main/rebuild/content/workshops/workshop-07/Student_Guide/PNGs/pg6.png,workshop-07,Student_Guide,,,copied,whole_legacy,generic_page_filename
main/rebuild/content/legacy/whole/Module 7/Workshop_07/Student_Guide/Workshop_07/PNGs/pg3.png,main/rebuild/content/workshops/workshop-07/Student_Guide/PNGs/pg3.png,workshop-07,Student_Guide,,,copied,whole_legacy,generic_page_filename
main/rebuild/content/legacy/whole/Module 7/Workshop_07/Student_Guide/Workshop_07/PNGs/pg13.png,main/rebuild/content/workshops/workshop-07/Student_Guide/PNGs/pg13.png,workshop-07,Student_Guide,,,copied,whole_legacy,generic_page_filename
main/rebuild/content/legacy/whole/Module 7/Workshop_07/Student_Guide/Workshop_07/PNGs/pg10.png,main/rebuild/content/workshops/workshop-07/Student_Guide/PNGs/pg10.png,workshop-07,Student_Guide,,,copied,whole_legacy,generic_page_filename
main/rebuild/content/legacy/whole/Module 7/Workshop_07/Student_Guide/Workshop_07/PNGs/pg14.png,main/rebuild/content/workshops/workshop-07/Student_Guide/PNGs/pg14.png,workshop-07,Student_Guide,,,copied,whole_legacy,generic_page_filename
"main/rebuild/content/legacy/whole/Module 8/Workshop 08 - Mental Health, Relationships & Money.pdf","main/rebuild/content/workshops/workshop-08/resources/Workshop 08 - Mental Health, Relationships & Money.pdf",workshop-08,resources,,,copied,whole_legacy,resources_without_resource_role
main/rebuild/content/legacy/whole/Module 8/MB_FTS_ 8.pdf,main/rebuild/content/workshops/workshop-08/resources/MB_FTS_ 8.pdf,workshop-08,resources,,,copied,whole_legacy,resources_without_resource_role
main/rebuild/content/legacy/whole/Module 8/MB_FTS_ 8.docx,main/rebuild/content/workshops/workshop-08/resources/MB_FTS_ 8.docx,workshop-08,resources,,,copied,whole_legacy,resources_without_resource_role
"main/rebuild/content/legacy/whole/Module 8/Workshop 08 - Mental Health, Relationships & Money; Financial Crisis Planning.pdf","main/rebuild/content/workshops/workshop-08/resources/Workshop 08 - Mental Health, Relationships & Money; Financial Crisis Planning.pdf",workshop-08,resources,,,copied,whole_legacy,resources_without_resource_role
main/rebuild/content/legacy/whole/Module 8/Money Basics PPT Workshop 8.pptx,main/rebuild/content/workshops/workshop-08/resources/Money Basics PPT Workshop 8.pptx,workshop-08,resources,,,copied,whole_legacy,resources_without_resource_role
main/rebuild/content/legacy/whole/Module 8/Workshop_08_pages/Facilitator_Guide/Workshop_08/PDFs/pg1.pdf,main/rebuild/content/workshops/workshop-08/Facilitator_Guide/PDFs/pg1.pdf,workshop-08,Facilitator_Guide,,,copied,whole_legacy,generic_page_filename
main/rebuild/content/legacy/whole/Module 8/Workshop_08_pages/Facilitator_Guide/Workshop_08/PDFs/pg8.pdf,main/rebuild/content/workshops/workshop-08/Facilitator_Guide/PDFs/pg8.pdf,workshop-08,Facilitator_Guide,,,copied,whole_legacy,generic_page_filename
main/rebuild/content/legacy/whole/Module 8/Workshop_08_pages/Facilitator_Guide/Workshop_08/PDFs/pg2.pdf,main/rebuild/content/workshops/workshop-08/Facilitator_Guide/PDFs/pg2.pdf,workshop-08,Facilitator_Guide,,,copied,whole_legacy,generic_page_filename
main/rebuild/content/legacy/whole/Module 8/Workshop_08_pages/Facilitator_Guide/Workshop_08/PDFs/pg4.pdf,main/rebuild/content/workshops/workshop-08/Facilitator_Guide/PDFs/pg4.pdf,workshop-08,Facilitator_Guide,,,copied,whole_legacy,generic_page_filename
main/rebuild/content/legacy/whole/Module 8/Workshop_08_pages/Facilitator_Guide/Workshop_08/PDFs/pg7.pdf,main/rebuild/content/workshops/workshop-08/Facilitator_Guide/PDFs/pg7.pdf,workshop-08,Facilitator_Guide,,,copied,whole_legacy,generic_page_filename
main/rebuild/content/legacy/whole/Module 8/Workshop_08_pages/Facilitator_Guide/Workshop_08/PDFs/pg6.pdf,main/rebuild/content/workshops/workshop-08/Facilitator_Guide/PDFs/pg6.pdf,workshop-08,Facilitator_Guide,,,copied,whole_legacy,generic_page_filename
main/rebuild/content/legacy/whole/Module 8/Workshop_08_pages/Facilitator_Guide/Workshop_08/PDFs/pg9.pdf,main/rebuild/content/workshops/workshop-08/Facilitator_Guide/PDFs/pg9.pdf,workshop-08,Facilitator_Guide,,,copied,whole_legacy,generic_page_filename
main/rebuild/content/legacy/whole/Module 8/Workshop_08_pages/Facilitator_Guide/Workshop_08/PDFs/pg5.pdf,main/rebuild/content/workshops/workshop-08/Facilitator_Guide/PDFs/pg5.pdf,workshop-08,Facilitator_Guide,,,copied,whole_legacy,generic_page_filename
main/rebuild/content/legacy/whole/Module 8/Workshop_08_pages/Facilitator_Guide/Workshop_08/PDFs/pg3.pdf,main/rebuild/content/workshops/workshop-08/Facilitator_Guide/PDFs/pg3.pdf,workshop-08,Facilitator_Guide,,,copied,whole_legacy,generic_page_filename
main/rebuild/content/legacy/whole/Module 8/Workshop_08_pages/Facilitator_Guide/Workshop_08/PNGs/pg5.png,main/rebuild/content/workshops/workshop-08/Facilitator_Guide/PNGs/pg5.png,workshop-08,Facilitator_Guide,,,copied,whole_legacy,generic_page_filename
main/rebuild/content/legacy/whole/Module 8/Workshop_08_pages/Facilitator_Guide/Workshop_08/PNGs/pg1.png,main/rebuild/content/workshops/workshop-08/Facilitator_Guide/PNGs/pg1.png,workshop-08,Facilitator_Guide,,,copied,whole_legacy,generic_page_filename
main/rebuild/content/legacy/whole/Module 8/Workshop_08_pages/Facilitator_Guide/Workshop_08/PNGs/pg9.png,main/rebuild/content/workshops/workshop-08/Facilitator_Guide/PNGs/pg9.png,workshop-08,Facilitator_Guide,,,copied,whole_legacy,generic_page_filename
main/rebuild/content/legacy/whole/Module 8/Workshop_08_pages/Facilitator_Guide/Workshop_08/PNGs/pg2.png,main/rebuild/content/workshops/workshop-08/Facilitator_Guide/PNGs/pg2.png,workshop-08,Facilitator_Guide,,,copied,whole_legacy,generic_page_filename
main/rebuild/content/legacy/whole/Module 8/Workshop_08_pages/Facilitator_Guide/Workshop_08/PNGs/pg4.png,main/rebuild/content/workshops/workshop-08/Facilitator_Guide/PNGs/pg4.png,workshop-08,Facilitator_Guide,,,copied,whole_legacy,generic_page_filename
main/rebuild/content/legacy/whole/Module 8/Workshop_08_pages/Facilitator_Guide/Workshop_08/PNGs/pg7.png,main/rebuild/content/workshops/workshop-08/Facilitator_Guide/PNGs/pg7.png,workshop-08,Facilitator_Guide,,,copied,whole_legacy,generic_page_filename
main/rebuild/content/legacy/whole/Module 8/Workshop_08_pages/Facilitator_Guide/Workshop_08/PNGs/pg8.png,main/rebuild/content/workshops/workshop-08/Facilitator_Guide/PNGs/pg8.png,workshop-08,Facilitator_Guide,,,copied,whole_legacy,generic_page_filename
main/rebuild/content/legacy/whole/Module 8/Workshop_08_pages/Facilitator_Guide/Workshop_08/PNGs/pg6.png,main/rebuild/content/workshops/workshop-08/Facilitator_Guide/PNGs/pg6.png,workshop-08,Facilitator_Guide,,,copied,whole_legacy,generic_page_filename
main/rebuild/content/legacy/whole/Module 8/Workshop_08_pages/Facilitator_Guide/Workshop_08/PNGs/pg3.png,main/rebuild/content/workshops/workshop-08/Facilitator_Guide/PNGs/pg3.png,workshop-08,Facilitator_Guide,,,copied,whole_legacy,generic_page_filename
main/rebuild/content/legacy/whole/Module 8/Workshop_08_pages/Student_Guide/Workshop_08/PDFs/pg21.pdf,main/rebuild/content/workshops/workshop-08/Student_Guide/PDFs/pg21.pdf,workshop-08,Student_Guide,,,copied,whole_legacy,generic_page_filename
main/rebuild/content/legacy/whole/Module 8/Workshop_08_pages/Student_Guide/Workshop_08/PDFs/pg10.pdf,main/rebuild/content/workshops/workshop-08/Student_Guide/PDFs/pg10.pdf,workshop-08,Student_Guide,,,copied,whole_legacy,generic_page_filename
main/rebuild/content/legacy/whole/Module 8/Workshop_08_pages/Student_Guide/Workshop_08/PDFs/pg1.pdf,main/rebuild/content/workshops/workshop-08/Student_Guide/PDFs/pg1.pdf,workshop-08,Student_Guide,,,copied,whole_legacy,generic_page_filename
main/rebuild/content/legacy/whole/Module 8/Workshop_08_pages/Student_Guide/Workshop_08/PDFs/pg17.pdf,main/rebuild/content/workshops/workshop-08/Student_Guide/PDFs/pg17.pdf,workshop-08,Student_Guide,,,copied,whole_legacy,generic_page_filename
main/rebuild/content/legacy/whole/Module 8/Workshop_08_pages/Student_Guide/Workshop_08/PDFs/pg20.pdf,main/rebuild/content/workshops/workshop-08/Student_Guide/PDFs/pg20.pdf,workshop-08,Student_Guide,,,copied,whole_legacy,generic_page_filename
main/rebuild/content/legacy/whole/Module 8/Workshop_08_pages/Student_Guide/Workshop_08/PDFs/pg8.pdf,main/rebuild/content/workshops/workshop-08/Student_Guide/PDFs/pg8.pdf,workshop-08,Student_Guide,,,copied,whole_legacy,generic_page_filename
main/rebuild/content/legacy/whole/Module 8/Workshop_08_pages/Student_Guide/Workshop_08/PDFs/pg18.pdf,main/rebuild/content/workshops/workshop-08/Student_Guide/PDFs/pg18.pdf,workshop-08,Student_Guide,,,copied,whole_legacy,generic_page_filename
main/rebuild/content/legacy/whole/Module 8/Workshop_08_pages/Student_Guide/Workshop_08/PDFs/pg2.pdf,main/rebuild/content/workshops/workshop-08/Student_Guide/PDFs/pg2.pdf,workshop-08,Student_Guide,,,copied,whole_legacy,generic_page_filename
main/rebuild/content/legacy/whole/Module 8/Workshop_08_pages/Student_Guide/Workshop_08/PDFs/pg4.pdf,main/rebuild/content/workshops/workshop-08/Student_Guide/PDFs/pg4.pdf,workshop-08,Student_Guide,,,copied,whole_legacy,generic_page_filename
main/rebuild/content/legacy/whole/Module 8/Workshop_08_pages/Student_Guide/Workshop_08/PDFs/pg12.pdf,main/rebuild/content/workshops/workshop-08/Student_Guide/PDFs/pg12.pdf,workshop-08,Student_Guide,,,copied,whole_legacy,generic_page_filename
main/rebuild/content/legacy/whole/Module 8/Workshop_08_pages/Student_Guide/Workshop_08/PDFs/pg13.pdf,main/rebuild/content/workshops/workshop-08/Student_Guide/PDFs/pg13.pdf,workshop-08,Student_Guide,,,copied,whole_legacy,generic_page_filename
main/rebuild/content/legacy/whole/Module 8/Workshop_08_pages/Student_Guide/Workshop_08/PDFs/pg11.pdf,main/rebuild/content/workshops/workshop-08/Student_Guide/PDFs/pg11.pdf,workshop-08,Student_Guide,,,copied,whole_legacy,generic_page_filename
main/rebuild/content/legacy/whole/Module 8/Workshop_08_pages/Student_Guide/Workshop_08/PDFs/pg16.pdf,main/rebuild/content/workshops/workshop-08/Student_Guide/PDFs/pg16.pdf,workshop-08,Student_Guide,,,copied,whole_legacy,generic_page_filename
main/rebuild/content/legacy/whole/Module 8/Workshop_08_pages/Student_Guide/Workshop_08/PDFs/pg7.pdf,main/rebuild/content/workshops/workshop-08/Student_Guide/PDFs/pg7.pdf,workshop-08,Student_Guide,,,copied,whole_legacy,generic_page_filename
main/rebuild/content/legacy/whole/Module 8/Workshop_08_pages/Student_Guide/Workshop_08/PDFs/pg6.pdf,main/rebuild/content/workshops/workshop-08/Student_Guide/PDFs/pg6.pdf,workshop-08,Student_Guide,,,copied,whole_legacy,generic_page_filename
main/rebuild/content/legacy/whole/Module 8/Workshop_08_pages/Student_Guide/Workshop_08/PDFs/pg14.pdf,main/rebuild/content/workshops/workshop-08/Student_Guide/PDFs/pg14.pdf,workshop-08,Student_Guide,,,copied,whole_legacy,generic_page_filename
main/rebuild/content/legacy/whole/Module 8/Workshop_08_pages/Student_Guide/Workshop_08/PDFs/pg9.pdf,main/rebuild/content/workshops/workshop-08/Student_Guide/PDFs/pg9.pdf,workshop-08,Student_Guide,,,copied,whole_legacy,generic_page_filename
main/rebuild/content/legacy/whole/Module 8/Workshop_08_pages/Student_Guide/Workshop_08/PDFs/pg5.pdf,main/rebuild/content/workshops/workshop-08/Student_Guide/PDFs/pg5.pdf,workshop-08,Student_Guide,,,copied,whole_legacy,generic_page_filename
main/rebuild/content/legacy/whole/Module 8/Workshop_08_pages/Student_Guide/Workshop_08/PDFs/pg19.pdf,main/rebuild/content/workshops/workshop-08/Student_Guide/PDFs/pg19.pdf,workshop-08,Student_Guide,,,copied,whole_legacy,generic_page_filename
main/rebuild/content/legacy/whole/Module 8/Workshop_08_pages/Student_Guide/Workshop_08/PDFs/pg15.pdf,main/rebuild/content/workshops/workshop-08/Student_Guide/PDFs/pg15.pdf,workshop-08,Student_Guide,,,copied,whole_legacy,generic_page_filename
main/rebuild/content/legacy/whole/Module 8/Workshop_08_pages/Student_Guide/Workshop_08/PDFs/pg3.pdf,main/rebuild/content/workshops/workshop-08/Student_Guide/PDFs/pg3.pdf,workshop-08,Student_Guide,,,copied,whole_legacy,generic_page_filename
main/rebuild/content/legacy/whole/Module 8/Workshop_08_pages/Student_Guide/Workshop_08/PNGs/pg5.png,main/rebuild/content/workshops/workshop-08/Student_Guide/PNGs/pg5.png,workshop-08,Student_Guide,,,copied,whole_legacy,generic_page_filename
main/rebuild/content/legacy/whole/Module 8/Workshop_08_pages/Student_Guide/Workshop_08/PNGs/pg16.png,main/rebuild/content/workshops/workshop-08/Student_Guide/PNGs/pg16.png,workshop-08,Student_Guide,,,copied,whole_legacy,generic_page_filename
main/rebuild/content/legacy/whole/Module 8/Workshop_08_pages/Student_Guide/Workshop_08/PNGs/pg1.png,main/rebuild/content/workshops/workshop-08/Student_Guide/PNGs/pg1.png,workshop-08,Student_Guide,,,copied,whole_legacy,generic_page_filename
main/rebuild/content/legacy/whole/Module 8/Workshop_08_pages/Student_Guide/Workshop_08/PNGs/pg9.png,main/rebuild/content/workshops/workshop-08/Student_Guide/PNGs/pg9.png,workshop-08,Student_Guide,,,copied,whole_legacy,generic_page_filename
main/rebuild/content/legacy/whole/Module 8/Workshop_08_pages/Student_Guide/Workshop_08/PNGs/pg2.png,main/rebuild/content/workshops/workshop-08/Student_Guide/PNGs/pg2.png,workshop-08,Student_Guide,,,copied,whole_legacy,generic_page_filename
main/rebuild/content/legacy/whole/Module 8/Workshop_08_pages/Student_Guide/Workshop_08/PNGs/pg4.png,main/rebuild/content/workshops/workshop-08/Student_Guide/PNGs/pg4.png,workshop-08,Student_Guide,,,copied,whole_legacy,generic_page_filename
main/rebuild/content/legacy/whole/Module 8/Workshop_08_pages/Student_Guide/Workshop_08/PNGs/pg19.png,main/rebuild/content/workshops/workshop-08/Student_Guide/PNGs/pg19.png,workshop-08,Student_Guide,,,copied,whole_legacy,generic_page_filename
main/rebuild/content/legacy/whole/Module 8/Workshop_08_pages/Student_Guide/Workshop_08/PNGs/pg21.png,main/rebuild/content/workshops/workshop-08/Student_Guide/PNGs/pg21.png,workshop-08,Student_Guide,,,copied,whole_legacy,generic_page_filename
main/rebuild/content/legacy/whole/Module 8/Workshop_08_pages/Student_Guide/Workshop_08/PNGs/pg18.png,main/rebuild/content/workshops/workshop-08/Student_Guide/PNGs/pg18.png,workshop-08,Student_Guide,,,copied,whole_legacy,generic_page_filename
main/rebuild/content/legacy/whole/Module 8/Workshop_08_pages/Student_Guide/Workshop_08/PNGs/pg7.png,main/rebuild/content/workshops/workshop-08/Student_Guide/PNGs/pg7.png,workshop-08,Student_Guide,,,copied,whole_legacy,generic_page_filename
main/rebuild/content/legacy/whole/Module 8/Workshop_08_pages/Student_Guide/Workshop_08/PNGs/pg12.png,main/rebuild/content/workshops/workshop-08/Student_Guide/PNGs/pg12.png,workshop-08,Student_Guide,,,copied,whole_legacy,generic_page_filename
main/rebuild/content/legacy/whole/Module 8/Workshop_08_pages/Student_Guide/Workshop_08/PNGs/pg8.png,main/rebuild/content/workshops/workshop-08/Student_Guide/PNGs/pg8.png,workshop-08,Student_Guide,,,copied,whole_legacy,generic_page_filename
main/rebuild/content/legacy/whole/Module 8/Workshop_08_pages/Student_Guide/Workshop_08/PNGs/pg11.png,main/rebuild/content/workshops/workshop-08/Student_Guide/PNGs/pg11.png,workshop-08,Student_Guide,,,copied,whole_legacy,generic_page_filename
main/rebuild/content/legacy/whole/Module 8/Workshop_08_pages/Student_Guide/Workshop_08/PNGs/pg15.png,main/rebuild/content/workshops/workshop-08/Student_Guide/PNGs/pg15.png,workshop-08,Student_Guide,,,copied,whole_legacy,generic_page_filename
main/rebuild/content/legacy/whole/Module 8/Workshop_08_pages/Student_Guide/Workshop_08/PNGs/pg6.png,main/rebuild/content/workshops/workshop-08/Student_Guide/PNGs/pg6.png,workshop-08,Student_Guide,,,copied,whole_legacy,generic_page_filename
main/rebuild/content/legacy/whole/Module 8/Workshop_08_pages/Student_Guide/Workshop_08/PNGs/pg17.png,main/rebuild/content/workshops/workshop-08/Student_Guide/PNGs/pg17.png,workshop-08,Student_Guide,,,copied,whole_legacy,generic_page_filename
main/rebuild/content/legacy/whole/Module 8/Workshop_08_pages/Student_Guide/Workshop_08/PNGs/pg20.png,main/rebuild/content/workshops/workshop-08/Student_Guide/PNGs/pg20.png,workshop-08,Student_Guide,,,copied,whole_legacy,generic_page_filename
main/rebuild/content/legacy/whole/Module 8/Workshop_08_pages/Student_Guide/Workshop_08/PNGs/pg3.png,main/rebuild/content/workshops/workshop-08/Student_Guide/PNGs/pg3.png,workshop-08,Student_Guide,,,copied,whole_legacy,generic_page_filename
main/rebuild/content/legacy/whole/Module 8/Workshop_08_pages/Student_Guide/Workshop_08/PNGs/pg13.png,main/rebuild/content/workshops/workshop-08/Student_Guide/PNGs/pg13.png,workshop-08,Student_Guide,,,copied,whole_legacy,generic_page_filename
main/rebuild/content/legacy/whole/Module 8/Workshop_08_pages/Student_Guide/Workshop_08/PNGs/pg10.png,main/rebuild/content/workshops/workshop-08/Student_Guide/PNGs/pg10.png,workshop-08,Student_Guide,,,copied,whole_legacy,generic_page_filename
main/rebuild/content/legacy/whole/Module 8/Workshop_08_pages/Student_Guide/Workshop_08/PNGs/pg14.png,main/rebuild/content/workshops/workshop-08/Student_Guide/PNGs/pg14.png,workshop-08,Student_Guide,,,copied,whole_legacy,generic_page_filename
main/rebuild/content/legacy/whole/Module 9/How to Cope with Tax Season Stress.docx,main/rebuild/content/workshops/workshop-09/resources/How to Cope with Tax Season Stress.docx,workshop-09,resources,,,copied,whole_legacy,resources_without_resource_role
main/rebuild/content/legacy/whole/Module 9/What to Know About How to File Taxes.docx,main/rebuild/content/workshops/workshop-09/resources/What to Know About How to File Taxes.docx,workshop-09,resources,,,copied,whole_legacy,resources_without_resource_role
main/rebuild/content/legacy/whole/Module 9/MB_FTS_ 9.docx,main/rebuild/content/workshops/workshop-09/resources/MB_FTS_ 9.docx,workshop-09,resources,,,copied,whole_legacy,resources_without_resource_role
main/rebuild/content/legacy/whole/Module 9/Money Basics PPT Workshop 9.pptx,main/rebuild/content/workshops/workshop-09/resources/Money Basics PPT Workshop 9.pptx,workshop-09,resources,,,copied,whole_legacy,resources_without_resource_role
"main/rebuild/content/legacy/whole/Module 9/Regressive, Proportional, and Progressive Taxes.docx","main/rebuild/content/workshops/workshop-09/resources/Regressive, Proportional, and Progressive Taxes.docx",workshop-09,resources,,,copied,whole_legacy,resources_without_resource_role
main/rebuild/content/legacy/whole/Module 9/Workshop 09 - Tax Returns.pdf,main/rebuild/content/workshops/workshop-09/resources/Workshop 09 - Tax Returns.pdf,workshop-09,resources,,,copied,whole_legacy,resources_without_resource_role
